episode,total_reward,moving_avg_reward,episode_length,loss,learning_rate,seed,exp_name,epsilon,buffer_size,mean_q
1,-100.5340563809809,-100.5340563809809,90,0.0,0.001,1,dqn_epsilon_decay_low_seed1,0.99,90,0.0
2,-288.22207482502967,-194.37806560300527,95,0.0,0.001,1,dqn_epsilon_decay_low_seed1,0.9801,185,0.062295518815517426
3,-265.82532677296155,-218.19381932632405,116,0.0,0.001,1,dqn_epsilon_decay_low_seed1,0.9702989999999999,301,0.21292877197265625
4,-105.1059359828794,-189.92184849046288,131,0.0,0.001,1,dqn_epsilon_decay_low_seed1,0.96059601,432,0.06414020527154207
5,-255.22803419863237,-202.9830856320968,107,0.0,0.001,1,dqn_epsilon_decay_low_seed1,0.9509900498999999,539,0.09714325020710628
6,-108.67490633206044,-187.2650557487574,76,0.0,0.001,1,dqn_epsilon_decay_low_seed1,0.9414801494009999,615,0.05512189865112305
7,-251.31596806183737,-196.41518607919738,67,0.0,0.001,1,dqn_epsilon_decay_low_seed1,0.9320653479069899,682,0.10533984284847975
8,-378.2642926585698,-219.14632440161893,96,0.0,0.001,1,dqn_epsilon_decay_low_seed1,0.92274469442792,778,0.12988810539245604
9,-112.907862240203,-207.34205082812827,109,0.0,0.001,1,dqn_epsilon_decay_low_seed1,0.9135172474836407,887,0.08420472485678536
10,-99.91811652814599,-196.59965739813003,67,0.0,0.001,1,dqn_epsilon_decay_low_seed1,0.9043820750088043,954,0.07266262769699097
11,-253.75460329982488,-201.7955615710114,76,0.0,0.001,1,dqn_epsilon_decay_low_seed1,0.8953382542587163,1030,0.10014941232899825
12,-229.61630930025166,-204.11395721511474,78,0.0,0.001,1,dqn_epsilon_decay_low_seed1,0.8863848717161291,1108,0.09220302725831668
13,-330.0776258796295,-213.80347018930817,117,0.0,0.001,1,dqn_epsilon_decay_low_seed1,0.8775210229989678,1225,0.05442981484035651
14,-139.16682049382547,-208.47228092534513,111,0.0,0.001,1,dqn_epsilon_decay_low_seed1,0.8687458127689781,1336,0.06639876789771594
15,-394.3628340319258,-220.86498446578383,112,0.0,0.001,1,dqn_epsilon_decay_low_seed1,0.8600583546412883,1448,0.13651853919029236
16,-286.53034985668853,-224.96906980271538,108,0.0,0.001,1,dqn_epsilon_decay_low_seed1,0.8514577710948754,1556,0.11521454037804353
17,-362.5528838720559,-233.06223533620602,101,0.0,0.001,1,dqn_epsilon_decay_low_seed1,0.8429431933839266,1657,0.06383816649516423
18,-126.02283420190483,-227.11560193985596,81,0.0,0.001,1,dqn_epsilon_decay_low_seed1,0.8345137614500874,1738,0.07731686003114048
19,-82.56934160571814,-219.5079040275329,61,0.0,0.001,1,dqn_epsilon_decay_low_seed1,0.8261686238355865,1799,0.0874065482057631
20,-149.07850736601318,-215.98643419445693,73,0.0,0.001,1,dqn_epsilon_decay_low_seed1,0.8179069375972307,1872,0.08371712937951088
21,-101.84143741426195,-210.5509581573048,72,0.0,0.001,1,dqn_epsilon_decay_low_seed1,0.8097278682212583,1944,0.06870258723696072
22,-176.29263462760844,-208.99376163322768,91,131.72273760371738,0.001,1,dqn_epsilon_decay_low_seed1,0.8016305895390458,2035,-0.08065343151489894
23,-90.3851600156748,-203.83686591072538,53,128.9504725528213,0.001,1,dqn_epsilon_decay_low_seed1,0.7936142836436553,2088,-1.721123456954956
24,-277.16101943052183,-206.89203897405025,102,116.05493613785389,0.001,1,dqn_epsilon_decay_low_seed1,0.7856781408072188,2190,-1.2142001589139302
25,-181.27323866036807,-205.86728696150297,112,87.54355161530631,0.001,1,dqn_epsilon_decay_low_seed1,0.7778213593991465,2302,-1.8329566221853548
26,-395.6326955122967,-213.1659565211489,94,72.16687583669703,0.001,1,dqn_epsilon_decay_low_seed1,0.7700431458051551,2396,-4.6762765273451805
27,-82.28315619519961,-208.3184453979656,79,71.37994601756712,0.001,1,dqn_epsilon_decay_low_seed1,0.7623427143471035,2475,-2.6350345874533936
28,-343.50773080970606,-213.1466341626706,99,59.27620473052516,0.001,1,dqn_epsilon_decay_low_seed1,0.7547192872036325,2574,-8.006719343802509
29,-151.7204283533904,-211.02848913476438,99,45.78304966290792,0.001,1,dqn_epsilon_decay_low_seed1,0.7471720943315961,2673,-1.542904438362235
30,-146.2368733548558,-208.86876860876743,106,51.281531195595576,0.001,1,dqn_epsilon_decay_low_seed1,0.7397003733882802,2779,-0.48858822111425726
31,-218.82867756897093,-209.19005599458046,131,38.97366282048116,0.001,1,dqn_epsilon_decay_low_seed1,0.7323033696543974,2910,-1.5982345662778243
32,-186.2403587992676,-208.47287795722693,69,38.55045152056044,0.001,1,dqn_epsilon_decay_low_seed1,0.7249803359578534,2979,-1.55065687187016
33,-189.85235229628486,-207.90861960386505,89,36.324568909205745,0.001,1,dqn_epsilon_decay_low_seed1,0.7177305325982748,3068,-5.654801774636975
34,-160.2736185219016,-206.5075901602779,107,35.999819423550754,0.001,1,dqn_epsilon_decay_low_seed1,0.7105532272722921,3175,1.8849486224353313
35,-67.31371761108616,-202.53062237315814,130,37.72947962467487,0.001,1,dqn_epsilon_decay_low_seed1,0.7034476949995692,3305,-1.4530459558591247
36,-41.72826457170929,-198.06389021200678,121,34.45241298754353,0.001,1,dqn_epsilon_decay_low_seed1,0.6964132180495735,3426,1.0613079985906912
37,-43.8390191600848,-193.8956504538467,107,38.3399016600903,0.001,1,dqn_epsilon_decay_low_seed1,0.6894490858690777,3533,0.28909444170338766
38,-86.53240087858501,-191.0703017808135,130,34.35363870033851,0.001,1,dqn_epsilon_decay_low_seed1,0.682554595010387,3663,1.6450507774949075
39,-22.618988964988503,-186.75103734963852,77,36.25945538669438,0.001,1,dqn_epsilon_decay_low_seed1,0.6757290490602831,3740,0.32384451681917364
40,-103.50046306197247,-184.66977299244687,134,33.55742630673878,0.001,1,dqn_epsilon_decay_low_seed1,0.6689717585696803,3874,1.8649957952648402
41,-63.617219326147385,-181.71727168351273,131,27.069359788457856,0.001,1,dqn_epsilon_decay_low_seed1,0.6622820409839835,4005,2.516043160475937
42,-69.13595408864256,-179.0367641217301,160,32.289844304323196,0.001,1,dqn_epsilon_decay_low_seed1,0.6556592205741436,4165,-1.444602487263856
43,-76.58281050895036,-176.65411403771196,122,32.367613943873856,0.001,1,dqn_epsilon_decay_low_seed1,0.6491026283684022,4287,1.1567291899822478
44,-57.92994082508841,-173.95583737378868,124,26.210609338456585,0.001,1,dqn_epsilon_decay_low_seed1,0.6426116020847181,4411,6.493653802310719
45,-51.159114116663744,-171.22702130140814,74,30.97114676881481,0.001,1,dqn_epsilon_decay_low_seed1,0.6361854860638709,4485,11.825877634684245
46,-109.99718848968644,-169.89593797941419,134,27.81192183628011,0.001,1,dqn_epsilon_decay_low_seed1,0.6298236312032323,4619,2.163175636149467
47,-114.86811438618096,-168.72513322211137,115,25.52570421177408,0.001,1,dqn_epsilon_decay_low_seed1,0.6235253948912,4734,4.7220091921217895
48,-118.48552438979479,-167.67847470477145,212,27.905653261351137,0.001,1,dqn_epsilon_decay_low_seed1,0.617290140942288,4946,2.66739041544497
49,-45.1191576630073,-165.1772641528987,122,23.38787384209086,0.001,1,dqn_epsilon_decay_low_seed1,0.6111172395328651,5068,3.7273800298571587
50,-100.93509780251381,-163.89242082589098,126,28.83437395758099,0.001,1,dqn_epsilon_decay_low_seed1,0.6050060671375365,5194,2.014693569718746
51,-37.6557043226932,-162.63485378472527,82,26.557848095166975,0.001,1,dqn_epsilon_decay_low_seed1,0.5989560064661611,5276,11.494382619857788
52,-107.10586856933253,-159.0125296596113,152,31.05541002044552,0.001,1,dqn_epsilon_decay_low_seed1,0.5929664464014994,5428,1.809487699434675
53,-186.21443015202027,-157.42031172719248,106,30.354088656744867,0.001,1,dqn_epsilon_decay_low_seed1,0.5870367819374844,5534,-11.34681273521261
54,-12.876250770784878,-155.57571802295058,121,28.717421913935134,0.001,1,dqn_epsilon_decay_low_seed1,0.5811664141181095,5655,4.585852467020353
55,33.30769822181898,-149.80500337454157,125,38.48208697080612,0.001,1,dqn_epsilon_decay_low_seed1,0.5753547499769285,5780,3.8520632879487398
56,-0.981074191355745,-147.65112673172746,139,37.53456214263285,0.001,1,dqn_epsilon_decay_low_seed1,0.5696012024771592,5919,-3.8550075429772575
57,-65.07791828489113,-143.92636573618853,82,38.88116523841532,0.001,1,dqn_epsilon_decay_low_seed1,0.5639051904523876,6001,5.819877611963372
58,-146.30430657897182,-139.28716601459658,109,54.07292528764917,0.001,1,dqn_epsilon_decay_low_seed1,0.5582661385478638,6110,-11.51545242635378
59,-109.63332756725356,-139.22167532113758,191,31.269853304193905,0.001,1,dqn_epsilon_decay_low_seed1,0.5526834771623851,6301,3.872829555011377
60,-94.17426603443779,-139.10679831126342,240,32.826408070325854,0.001,1,dqn_epsilon_decay_low_seed1,0.5471566423907612,6541,7.420468384468997
61,-4.0950374665260085,-134.11360699459746,116,33.36435746324474,0.001,1,dqn_epsilon_decay_low_seed1,0.5416850759668536,6657,13.622807763871693
62,-61.951684163883016,-130.76031449187008,93,54.5041702575581,0.001,1,dqn_epsilon_decay_low_seed1,0.536268225207185,6750,15.573326240267072
63,6.545666945542251,-124.02784863536661,210,35.10409043459665,0.001,1,dqn_epsilon_decay_low_seed1,0.5309055429551132,6960,-1.1527093433842217
64,-151.4136992916905,-124.2727862113239,123,36.0784881822462,0.001,1,dqn_epsilon_decay_low_seed1,0.525596487525562,7083,-9.777177424864336
65,-75.55299796946687,-117.89658949007475,132,41.99980553894332,0.001,1,dqn_epsilon_decay_low_seed1,0.5203405226503064,7215,5.431581997871399
66,-29.052685201753036,-112.74703619697603,254,40.69114221644214,0.001,1,dqn_epsilon_decay_low_seed1,0.5151371174238033,7469,8.158503150939941
67,-180.51360197183342,-109.10625055897157,141,40.987336262743526,0.001,1,dqn_epsilon_decay_low_seed1,0.5099857462495653,7610,1.3566675913535942
68,-170.2300135268786,-109.99039414547106,525,44.18612113112495,0.001,1,dqn_epsilon_decay_low_seed1,0.5048858887870696,8135,-0.5162408325735849
69,18.89705244794331,-107.96106626439781,110,50.986069019274275,0.001,1,dqn_epsilon_decay_low_seed1,0.4998370298991989,8245,16.501801210100002
70,-133.58527123501761,-107.6512015417779,422,57.26353792415411,0.001,1,dqn_epsilon_decay_low_seed1,0.49483865960020695,8667,11.286609707803455
71,-71.35161798603056,-107.04140515321328,112,67.94572831477437,0.001,1,dqn_epsilon_decay_low_seed1,0.4898902730042049,8779,14.62159059047699
72,-15.784815126468956,-103.83124876319047,126,86.33252884565837,0.001,1,dqn_epsilon_decay_low_seed1,0.48499137027416284,8905,25.402973788683532
73,-27.89490906603055,-102.58144374419759,411,67.6054848519555,0.001,1,dqn_epsilon_decay_low_seed1,0.4801414565714212,9316,-4.401837884666817
74,-55.92642866138449,-98.15675192881484,99,61.687756868323895,0.001,1,dqn_epsilon_decay_low_seed1,0.475340042005707,9415,1.0979657823389226
75,-53.88958471089907,-95.60907884982548,350,66.7205990770885,0.001,1,dqn_epsilon_decay_low_seed1,0.47058664158564995,9765,6.101357836237079
76,-113.98782586009722,-89.97618145678149,306,70.76581826085359,0.001,1,dqn_epsilon_decay_low_seed1,0.4658807751697934,10071,9.007121191935592
77,8.041079261650296,-88.16969674764447,156,61.2703429147219,0.001,1,dqn_epsilon_decay_low_seed1,0.4612219674180955,10227,15.137122198592785
78,16.689312789904477,-80.96575587565226,98,46.1041085306479,0.001,1,dqn_epsilon_decay_low_seed1,0.45660974774391455,10325,34.646879337601746
79,-41.85048636125296,-78.76835703580953,125,60.61895698928833,0.001,1,dqn_epsilon_decay_low_seed1,0.4520436502664754,10450,28.90700373573909
80,-200.69083097934754,-79.85743618829937,361,74.45961118536972,0.001,1,dqn_epsilon_decay_low_seed1,0.44752321376381066,10811,-4.348238507131251
81,-88.3115087183391,-77.24709281128673,91,48.54090783622239,0.001,1,dqn_epsilon_decay_low_seed1,0.44304798162617254,10902,15.505932100887957
82,-36.73543950501094,-74.25699442540161,613,56.06094680252511,0.001,1,dqn_epsilon_decay_low_seed1,0.4386175018099108,11515,-27.06268712730519
83,-60.53018890960695,-71.67055115766806,1000,62.011104974508285,0.001,1,dqn_epsilon_decay_low_seed1,0.4342313267918117,12515,-0.7220249657633983
84,-24.460013042747278,-68.95427904808497,198,60.94566426915352,0.001,1,dqn_epsilon_decay_low_seed1,0.4298890135238936,12713,28.164468907036827
85,-68.02314340430381,-68.96846756394932,103,35.338479867259274,0.001,1,dqn_epsilon_decay_low_seed1,0.42559012338865465,12816,32.7854663266076
86,-12.020845914079024,-68.37431919079673,1000,49.365658996105196,0.001,1,dqn_epsilon_decay_low_seed1,0.4213342221547681,13816,-4.484787909304484
87,-19.188373337583926,-67.88130627434668,1000,69.17988708019257,0.001,1,dqn_epsilon_decay_low_seed1,0.41712087993322045,14816,-3.5398202869487374
88,-28.223331568486515,-66.71512488814473,90,57.829871294233534,0.001,1,dqn_epsilon_decay_low_seed1,0.41294967113388825,14906,21.06894875991912
89,-43.664573988401315,-67.13603658861298,1000,66.21675261390209,0.001,1,dqn_epsilon_decay_low_seed1,0.40882017442254937,15906,-3.374356014601528
90,20.602275302975322,-64.65398182131403,1000,62.28694990909099,0.001,1,dqn_epsilon_decay_low_seed1,0.4047319726783239,16906,-5.486184531897306
91,-80.22754250161336,-64.98618828482334,92,60.00476207940475,0.001,1,dqn_epsilon_decay_low_seed1,0.40068465295154065,16998,33.060423036034294
92,15.059501870718478,-63.30227916563613,1000,61.458735594034195,0.001,1,dqn_epsilon_decay_low_seed1,0.39667780642202527,17998,1.1806909240560957
93,-175.46746554390148,-65.27997226633515,112,50.95529867070062,0.001,1,dqn_epsilon_decay_low_seed1,0.392711028357805,18110,-3.884456703628319
94,-43.00768933915454,-64.98152723661649,1000,74.26838690841198,0.001,1,dqn_epsilon_decay_low_seed1,0.38878391807422696,19110,-3.162806291899959
95,3.9363549936775444,-63.879617854409645,1000,70.3912172012329,0.001,1,dqn_epsilon_decay_low_seed1,0.3848960788934847,20110,1.981253185095699
96,-26.604261461470895,-62.21175931384534,1000,63.116992014169696,0.001,1,dqn_epsilon_decay_low_seed1,0.38104711810454983,21110,-2.7128126237933574
97,-310.5287456878341,-66.12497193987839,954,53.184473806207286,0.001,1,dqn_epsilon_decay_low_seed1,0.37723664692350434,22064,3.619723490551114
98,76.97726701722208,-62.21571611173807,1000,46.705268810272216,0.001,1,dqn_epsilon_decay_low_seed1,0.37346428045426927,23064,1.5771759673224988
99,-41.619198184075756,-62.14571692215944,155,30.017509142045053,0.001,1,dqn_epsilon_decay_low_seed1,0.36972963764972655,23219,44.940864818612326
100,35.93407627197132,-59.40833344066973,138,58.71887750038202,0.001,1,dqn_epsilon_decay_low_seed1,0.36603234127322926,23357,43.95827180036792
101,-46.779840055878324,-59.590816155333435,103,34.361727196036036,0.001,1,dqn_epsilon_decay_low_seed1,0.36237201786049694,23460,46.028465016682944
102,-49.6530666820277,-58.441760117587336,154,42.49119470026586,0.001,1,dqn_epsilon_decay_low_seed1,0.358748297681892,23614,51.74553655824442
103,-190.4843296838868,-58.52715810822465,406,37.17783074778289,0.001,1,dqn_epsilon_decay_low_seed1,0.35516081470507305,24020,36.56035042904291
104,124.69891256651755,-55.7756548414786,1000,30.752347988128662,0.001,1,dqn_epsilon_decay_low_seed1,0.3516092065580223,25020,1.5349793907352516
105,42.37907861682004,-55.59422723357858,107,28.808627130829287,0.001,1,dqn_epsilon_decay_low_seed1,0.34809311449244207,25127,47.91233917325735
106,27.751389756741858,-55.01957795461662,108,22.32028877735138,0.001,1,dqn_epsilon_decay_low_seed1,0.34461218334751764,25235,66.04497216088431
107,6.749873837086241,-53.58302211217707,128,53.03224269114435,0.001,1,dqn_epsilon_decay_low_seed1,0.34116606151404244,25363,55.25377769579833
108,98.83725273432296,-48.68019092591118,1000,30.702290714025498,0.001,1,dqn_epsilon_decay_low_seed1,0.337754400898902,26363,3.225130765281862
109,7.137900263017514,-46.344766369305745,172,29.67509634688843,0.001,1,dqn_epsilon_decay_low_seed1,0.334376856889913,26535,74.60172644683293
110,-69.0260777150061,-45.84180260291711,111,25.380088694460756,0.001,1,dqn_epsilon_decay_low_seed1,0.33103308832101386,26646,73.43125930526539
111,-20.505840823637342,-46.170018670059335,127,24.790587552889125,0.001,1,dqn_epsilon_decay_low_seed1,0.3277227574378037,26773,55.076345273426604
112,-256.62706086924345,-50.06352620416656,371,33.36567912847205,0.001,1,dqn_epsilon_decay_low_seed1,0.3244455298634257,27144,21.16416984796524
113,78.13630923369382,-48.631713358403516,1000,32.31098144364357,0.001,1,dqn_epsilon_decay_low_seed1,0.3212010745647914,28144,8.008022907750997
114,68.06833646605126,-44.24207264324868,1000,29.07207021379471,0.001,1,dqn_epsilon_decay_low_seed1,0.3179890638191435,29144,6.35958807163884
115,6.626516905018221,-42.598482345758995,193,25.82921460008374,0.001,1,dqn_epsilon_decay_low_seed1,0.31480917318095203,29337,86.27296445081974
116,144.43653431019843,-39.12869795551997,1000,28.913032779097556,0.001,1,dqn_epsilon_decay_low_seed1,0.3116610814491425,30337,11.679420303667548
117,90.30964435664953,-33.71223302895032,1000,29.70737224817276,0.001,1,dqn_epsilon_decay_low_seed1,0.30854447063465107,31337,13.230794198373445
118,112.6296922500518,-28.055038913411718,1000,29.167228763341903,0.001,1,dqn_epsilon_decay_low_seed1,0.30545902592830454,32337,14.74822688986011
119,1.5902751010857088,-28.401174460348866,138,21.675107926562212,0.001,1,dqn_epsilon_decay_low_seed1,0.3024044356690215,32475,67.10769986143016
120,-40.738308031310275,-26.544235196274723,114,43.07783490733097,0.001,1,dqn_epsilon_decay_low_seed1,0.29938039131233124,32589,78.16736690621627
121,91.37286280382928,-23.28974558047753,1000,33.47082766628265,0.001,1,dqn_epsilon_decay_low_seed1,0.2963865873992079,33589,17.001867403355007
122,112.89868544688653,-20.716075569010414,1000,32.967987503290175,0.001,1,dqn_epsilon_decay_low_seed1,0.29342272152521587,34589,18.604812287754143
123,2.110973276764881,-20.11595792215451,132,23.462551095268942,0.001,1,dqn_epsilon_decay_low_seed1,0.2904884943099637,34721,83.90550659100215
124,79.98105450780108,-17.39780825877079,1000,29.601663776397704,0.001,1,dqn_epsilon_decay_low_seed1,0.28758360936686406,35721,21.170719115156814
125,207.22143352057606,-12.175587894141286,767,25.892478514215004,0.001,1,dqn_epsilon_decay_low_seed1,0.2847077732731954,36488,23.03326226904821
126,42.744344925941164,-9.040944478420526,1000,31.54163431930542,0.001,1,dqn_epsilon_decay_low_seed1,0.28186069554046345,37488,33.66621755940574
127,35.61206114702793,-8.489524840712974,224,35.89011569108282,0.001,1,dqn_epsilon_decay_low_seed1,0.2790420885850588,37712,70.87282653649648
128,13.462438011881616,-8.554062336273429,178,21.998548364371395,0.001,1,dqn_epsilon_decay_low_seed1,0.2762516676992082,37890,82.11553803468362
129,18.102565170993174,-7.355001305628507,121,25.280567196775074,0.001,1,dqn_epsilon_decay_low_seed1,0.27348915102221616,38011,72.31322562834796
130,95.84598631853973,-1.4242649596707526,1000,33.21875519871712,0.001,1,dqn_epsilon_decay_low_seed1,0.270754259511994,39011,25.590238784384162
131,102.20028834212202,2.385970981538467,1000,32.952620354533195,0.001,1,dqn_epsilon_decay_low_seed1,0.26804671691687404,40011,26.471642895929175
132,109.99410389505687,5.320561849539821,1000,29.901618489027022,0.001,1,dqn_epsilon_decay_low_seed1,0.2653662497477053,41011,22.89936056332676
133,36.188833185236604,7.254942291436695,163,32.884604560816946,0.001,1,dqn_epsilon_decay_low_seed1,0.2627125872502282,41174,80.9867024116027
134,131.7286129306026,10.378714810903693,1000,35.242852486371994,0.001,1,dqn_epsilon_decay_low_seed1,0.2600854613777259,42174,34.99412194631433
135,-159.9703486349959,8.539770706289852,472,37.18022343819424,0.001,1,dqn_epsilon_decay_low_seed1,0.2574846067639487,42646,44.42869059420617
136,141.15761234061762,11.603339871383785,1000,33.29783942961693,0.001,1,dqn_epsilon_decay_low_seed1,0.2549097606963092,43646,26.42106484047509
137,115.06220258560421,14.288351389847548,1000,38.43925736069679,0.001,1,dqn_epsilon_decay_low_seed1,0.2523606630893461,44646,28.605189900920905
138,78.6029861532277,16.424877744281826,1000,37.50828782343864,0.001,1,dqn_epsilon_decay_low_seed1,0.24983705645845267,45646,43.7035296129172
139,145.57045049875893,20.20957823402503,1000,35.85370082783699,0.001,1,dqn_epsilon_decay_low_seed1,0.24733868589386815,46646,34.06695724070467
140,64.18864346749768,21.081305597315477,1000,26.895393316984176,0.001,1,dqn_epsilon_decay_low_seed1,0.24486529903492946,47646,48.287101770280096
141,101.17375043421318,24.709331456032015,1000,29.656857877135277,0.001,1,dqn_epsilon_decay_low_seed1,0.24241664604458016,48646,29.04910574049199
142,112.81712885173357,26.664483995652308,1000,25.78911976444721,0.001,1,dqn_epsilon_decay_low_seed1,0.23999247958413436,49646,24.059538819011628
143,212.42093104283916,34.42225192738712,420,24.51401240286373,0.001,1,dqn_epsilon_decay_low_seed1,0.23759255478829303,50066,43.43954488167014
144,119.07289734739807,37.66386366111817,1000,21.249562059998514,0.001,1,dqn_epsilon_decay_low_seed1,0.2352166292404101,51066,27.515623296134574
145,36.43655553703633,38.31386767198535,125,32.026765222549436,0.001,1,dqn_epsilon_decay_low_seed1,0.232864462948006,51191,86.26004540920258
146,161.62745848605482,42.07850207093586,1000,22.047382273316384,0.001,1,dqn_epsilon_decay_low_seed1,0.23053581831852593,52191,30.666967080639253
147,97.9757046809554,50.248591078311655,1000,20.030668649315835,0.001,1,dqn_epsilon_decay_low_seed1,0.22823046013534068,53191,36.29768403745165
148,148.02731258803766,51.66959198972797,1000,20.018345644474028,0.001,1,dqn_epsilon_decay_low_seed1,0.22594815553398728,54191,37.29667358104245
149,33.33691618657398,53.168714277140964,1000,17.961110854148863,0.001,1,dqn_epsilon_decay_low_seed1,0.22368867397864742,55191,50.311190381551725
150,104.31248700846113,54.536282491870764,1000,16.055183411002158,0.001,1,dqn_epsilon_decay_low_seed1,0.22145178723886094,56191,25.361628221455526
151,-148.71313054273776,52.49761668213357,194,18.301594552920037,0.001,1,dqn_epsilon_decay_low_seed1,0.21923726936647234,56385,23.560328041793596
152,236.9800920118707,58.23027985601154,610,17.52154757820192,0.001,1,dqn_epsilon_decay_low_seed1,0.2170448966728076,56995,37.35089896339517
153,111.6321129363372,64.27260870841602,1000,17.668147146105767,0.001,1,dqn_epsilon_decay_low_seed1,0.21487444770607952,57995,35.958408914721986
154,141.6328390960369,64.6112872390064,1000,16.497656188726424,0.001,1,dqn_epsilon_decay_low_seed1,0.21272570322901874,58995,25.83821480071943
155,4.736316768247107,63.858432002034945,128,13.440480591729283,0.001,1,dqn_epsilon_decay_low_seed1,0.21059844619672854,59123,94.93650552394367
156,-43.09685483662824,62.44146711016755,146,13.55218557299,0.001,1,dqn_epsilon_decay_low_seed1,0.20849246173476127,59269,69.57315826208695
157,102.24316045669481,64.35133284255973,1000,18.207273126363756,0.001,1,dqn_epsilon_decay_low_seed1,0.20640753711741366,60269,28.245193829723434
158,-47.64145303538922,61.42175872716548,120,15.829388817151388,0.001,1,dqn_epsilon_decay_low_seed1,0.20434346174623952,60389,80.60353755950928
159,92.47922816159316,63.128585285137,1000,15.889766660690308,0.001,1,dqn_epsilon_decay_low_seed1,0.20230002712877712,61389,32.72348831082458
160,208.89153164664214,68.68693747236996,978,17.946633584416475,0.001,1,dqn_epsilon_decay_low_seed1,0.20027702685748935,62367,45.51690454532703
161,-90.11093624090648,67.29483556402458,174,20.526350477646137,0.001,1,dqn_epsilon_decay_low_seed1,0.19827425658891445,62541,75.9565362111286
162,220.58677147978295,76.8391122110051,478,15.769739944316353,0.001,1,dqn_epsilon_decay_low_seed1,0.1962915140230253,63019,41.13976774518452
163,64.81383886133399,76.5726628035579,1000,18.347603242278097,0.001,1,dqn_epsilon_decay_low_seed1,0.19432859888279505,64019,53.92934194925542
164,231.4213780073905,79.8397236343847,794,19.501253039770823,0.001,1,dqn_epsilon_decay_low_seed1,0.1923853128939671,64813,48.600632730089586
165,228.70265548321336,84.28124640594861,506,19.319054981465396,0.001,1,dqn_epsilon_decay_low_seed1,0.19046145976502743,65319,41.69950414116
166,243.46037210499787,86.26172316184457,561,19.28679076575553,0.001,1,dqn_epsilon_decay_low_seed1,0.18855684516737714,65880,41.467568104401295
167,-0.09100915350242644,84.45371009164154,193,12.76856585549567,0.001,1,dqn_epsilon_decay_low_seed1,0.18667127671570335,66073,80.65846187253541
168,210.51068735860716,86.41132999381266,751,17.92494837755211,0.001,1,dqn_epsilon_decay_low_seed1,0.18480456394854633,66824,34.369465786141234
169,-17.66349943580333,86.02625450307485,91,12.813389864596692,0.001,1,dqn_epsilon_decay_low_seed1,0.18295651830906087,66915,94.36673457482281
170,248.88608406742046,91.81874234504947,287,18.383616819614318,0.001,1,dqn_epsilon_decay_low_seed1,0.18112695312597027,67202,46.195923147530394
171,186.39952010847819,93.71927549114245,436,21.20667872188288,0.001,1,dqn_epsilon_decay_low_seed1,0.17931568359471056,67638,58.86333928709506
172,178.37859728299838,95.02887372786468,1000,17.487848239660263,0.001,1,dqn_epsilon_decay_low_seed1,0.17752252675876345,68638,39.64011203006462
173,290.375709093374,100.79416844419686,543,17.581328167441143,0.001,1,dqn_epsilon_decay_low_seed1,0.17574730149117582,69181,49.06716699969524
174,2.5198048405298703,99.24494345085147,1000,19.308599578738214,0.001,1,dqn_epsilon_decay_low_seed1,0.17398982847626407,70181,50.499222217821604
175,19.510040043421654,95.49071558130836,206,19.57282735769031,0.001,1,dqn_epsilon_decay_low_seed1,0.17224993019150142,70387,71.39943981170654
176,262.13406035990175,99.87850988998758,830,16.809839914649366,0.001,1,dqn_epsilon_decay_low_seed1,0.1705274308895864,71217,35.246073301576025
177,-311.903649652998,92.92819567398706,367,15.191305797171529,0.001,1,dqn_epsilon_decay_low_seed1,0.16882215658069055,71584,60.38561086623084
178,219.49430530304414,97.04883301981032,735,16.821747635984096,0.001,1,dqn_epsilon_decay_low_seed1,0.16713393501488363,72319,31.984416028487782
179,217.964841601881,101.04607854842807,702,18.778418413933867,0.001,1,dqn_epsilon_decay_low_seed1,0.16546259566473479,73021,34.75511762284741
180,101.13483267482319,101.15185547555373,1000,16.650936373233794,0.001,1,dqn_epsilon_decay_low_seed1,0.16380796970808745,74021,32.87154782321686
181,-62.35342190180811,97.86078127067512,375,16.562717153231304,0.001,1,dqn_epsilon_decay_low_seed1,0.16216989001100657,74396,57.48502453117614
182,284.4708281950612,101.35031575667522,869,18.424935542947267,0.001,1,dqn_epsilon_decay_low_seed1,0.1605481911108965,75265,39.97806857754593
183,-155.29678948972165,97.52060330317603,248,13.785857400105845,0.001,1,dqn_epsilon_decay_low_seed1,0.15894270919978754,75513,69.90162445022946
184,117.74635339985707,97.24095811256112,1000,15.380563554286956,0.001,1,dqn_epsilon_decay_low_seed1,0.15735328210778965,76513,34.86893087063196
185,121.82815174393437,102.87692812013972,1000,15.896340963840485,0.001,1,dqn_epsilon_decay_low_seed1,0.15577974928671176,77513,38.30407215642176
186,-99.03833323347595,98.07300920865787,214,16.93090289329814,0.001,1,dqn_epsilon_decay_low_seed1,0.15422195179384465,77727,140.83011949327258
187,241.02376728855012,100.59224050271679,920,14.595898519262024,0.001,1,dqn_epsilon_decay_low_seed1,0.1526797322759062,78647,35.507115477928
188,197.77666988385153,102.97571417732927,329,15.427330429430791,0.001,1,dqn_epsilon_decay_low_seed1,0.15115293495314713,78976,57.48604164261749
189,221.09642109624366,104.48623358927898,898,15.853442828081764,0.001,1,dqn_epsilon_decay_low_seed1,0.14964140560361566,79874,42.32704079118847
190,209.93630949757537,107.40118690988052,381,14.509995547179475,0.001,1,dqn_epsilon_decay_low_seed1,0.1481449915475795,80255,60.38733668883892
191,194.73712982145588,109.27245449762539,766,15.170231991897364,0.001,1,dqn_epsilon_decay_low_seed1,0.1466635416321037,81021,45.635195272283035
192,115.22816733961824,109.32067526738308,1000,16.032809864163397,0.001,1,dqn_epsilon_decay_low_seed1,0.14519690621578268,82021,39.53483685517569
193,240.2735214632607,109.87772707579151,500,15.356841189384461,0.001,1,dqn_epsilon_decay_low_seed1,0.14374493715362485,82521,43.86252882453833
194,-163.99917688466942,104.21628559115015,278,13.306895055359217,0.001,1,dqn_epsilon_decay_low_seed1,0.1423074877820886,82799,70.24595348952246
195,185.00078034461134,107.18757008730167,301,15.959748933877659,0.001,1,dqn_epsilon_decay_low_seed1,0.1408844129042677,83100,59.35056944421157
196,43.08959440052155,104.816812805591,1000,16.84036529767513,0.001,1,dqn_epsilon_decay_low_seed1,0.13947556877522502,84100,48.55822213142404
197,174.70036967857308,106.35130610554336,763,15.927971573675913,0.001,1,dqn_epsilon_decay_low_seed1,0.13808081308747278,84863,48.79205596751736
198,196.33959357272482,107.31755172523708,611,15.051831772791774,0.001,1,dqn_epsilon_decay_low_seed1,0.13670000495659804,85474,60.94108855252885
199,165.17031672008602,109.95421973590732,917,16.52804450068375,0.001,1,dqn_epsilon_decay_low_seed1,0.13533300490703207,86391,55.48270496191314
200,140.26530052378413,110.67327600621378,1000,14.841281287431716,0.001,1,dqn_epsilon_decay_low_seed1,0.13397967485796175,87391,32.49068154092411
201,231.49129802283096,118.27736457752515,808,15.25506206137119,0.001,1,dqn_epsilon_decay_low_seed1,0.13263987810938213,88199,35.22181681919376
202,263.4932070804533,118.80762687889681,447,14.673272771323287,0.001,1,dqn_epsilon_decay_low_seed1,0.1313134793282883,88646,54.0081057536807
203,168.53222021108954,119.94562902439185,1000,16.220935935974122,0.001,1,dqn_epsilon_decay_low_seed1,0.13000034453500542,89646,35.35079798758924
204,252.33172615951213,122.15960676566135,355,14.842100130000585,0.001,1,dqn_epsilon_decay_low_seed1,0.12870034108965536,90001,55.96275753974915
205,288.8673186553567,127.84222680340353,282,14.428342300526639,0.001,1,dqn_epsilon_decay_low_seed1,0.12741333767875881,90283,62.59976595664511
206,108.61997502661609,130.87656340066843,1000,16.31695139372349,0.001,1,dqn_epsilon_decay_low_seed1,0.12613920430197123,91283,40.0061634089819
207,240.8223613965121,133.64814741946478,299,18.505923130839165,0.001,1,dqn_epsilon_decay_low_seed1,0.12487781225895152,91582,66.76295532551846
208,169.2241564331998,137.98545960883655,1000,13.223334913372993,0.001,1,dqn_epsilon_decay_low_seed1,0.123629034136362,92582,39.96662110548753
209,281.28398597399575,141.7615547650846,941,13.845299306508712,0.001,1,dqn_epsilon_decay_low_seed1,0.12239274379499838,93523,43.50451590585884
210,121.8954095200155,140.02163232255208,1000,15.35182697916031,0.001,1,dqn_epsilon_decay_low_seed1,0.1211688163570484,94523,35.17966676747194
211,246.2066346094605,146.74798373955943,252,12.867678748236763,0.001,1,dqn_epsilon_decay_low_seed1,0.11995712819347792,94775,63.288522745881764
212,131.8528610412199,144.97330553078814,1000,15.086553073346614,0.001,1,dqn_epsilon_decay_low_seed1,0.11875755691154315,95775,32.86907583750625
213,177.03037805784155,147.2176363147183,1000,14.862167029261588,0.001,1,dqn_epsilon_decay_low_seed1,0.11756998134242772,96775,38.268169898686445
214,266.80153314015195,147.92523941737355,692,15.04893606418819,0.001,1,dqn_epsilon_decay_low_seed1,0.11639428152900344,97467,42.496782727760845
215,211.86662967282604,147.5885189011658,384,14.711449811545512,0.001,1,dqn_epsilon_decay_low_seed1,0.11523033871371341,97851,56.254319190979004
216,163.9017587229575,145.99734663352496,1000,16.080260272979736,0.001,1,dqn_epsilon_decay_low_seed1,0.11407803532657627,98851,38.6895765348162
217,270.25096315192275,151.40418607963346,464,14.102614601367506,0.001,1,dqn_epsilon_decay_low_seed1,0.11293725497331052,99315,46.01864059576007
218,255.83673543696605,152.31070704120063,528,15.406823100465717,0.001,1,dqn_epsilon_decay_low_seed1,0.1118078824235774,99843,43.7684952510343
219,272.72781610398874,158.11853335199646,503,15.16774556034839,0.001,1,dqn_epsilon_decay_low_seed1,0.11068980359934164,100000,47.56987367947172
220,257.67950587369444,158.29440178812195,247,14.952362594816849,0.001,1,dqn_epsilon_decay_low_seed1,0.10958290556334822,100000,62.25918821777616
221,270.99079802325554,159.9862273464175,558,12.02478210077918,0.001,1,dqn_epsilon_decay_low_seed1,0.10848707650771475,100000,37.4976916960728
222,258.2091206883132,161.5828378145238,770,16.708279263508786,0.001,1,dqn_epsilon_decay_low_seed1,0.1074022057426376,100000,42.123876789637976
223,135.89630770032053,158.49324978666277,1000,14.099585210084916,0.001,1,dqn_epsilon_decay_low_seed1,0.10632818368521123,100000,31.365870369924025
224,262.9019590083188,163.70089287001855,324,15.091247061888376,0.001,1,dqn_epsilon_decay_low_seed1,0.10526490184835911,100000,58.783833001111006
225,262.7869342511567,168.56643075417324,556,12.559243439341621,0.001,1,dqn_epsilon_decay_low_seed1,0.10421225282987552,100000,41.50289620030247
226,249.0855368238729,168.30546028345267,498,13.024388093546213,0.001,1,dqn_epsilon_decay_low_seed1,0.10317013030157676,100000,41.46397509078634
227,181.33337523583643,178.1702007812293,444,12.780775416273254,0.001,1,dqn_epsilon_decay_low_seed1,0.10213842899856099,100000,54.784780942108995
228,228.44128595752852,178.349140394319,773,12.232751763653477,0.001,1,dqn_epsilon_decay_low_seed1,0.10111704470857538,100000,42.89206049652762
229,26.857002913041427,174.52698362054218,1000,13.411779769957066,0.001,1,dqn_epsilon_decay_low_seed1,0.10010587426148963,100000,46.07543165759977
230,-14.459082873977323,172.2151053095662,185,11.926102052185987,0.001,1,dqn_epsilon_decay_low_seed1,0.09910481551887473,100000,80.8224519646686
231,229.46997659700918,178.05157327954254,677,13.1831428113681,0.001,1,dqn_epsilon_decay_low_seed1,0.09811376736368599,100000,37.32701287457817
232,70.42618376690598,173.77068039097944,1000,11.099230024695396,0.001,1,dqn_epsilon_decay_low_seed1,0.09713262969004913,100000,37.92241381965907
233,96.27799886655006,178.80217615810486,1000,9.68351232123375,0.001,1,dqn_epsilon_decay_low_seed1,0.09616130339314863,100000,33.306193599690346
234,-149.78721520431793,173.45150478602136,324,9.51426307985812,0.001,1,dqn_epsilon_decay_low_seed1,0.09519969035921715,100000,85.94850924363598
235,-4.328387804984104,170.928373995043,120,13.36145658592383,0.001,1,dqn_epsilon_decay_low_seed1,0.09424769345562498,100000,99.44414769823307
236,183.72695193847485,176.583679698482,741,13.924351788162381,0.001,1,dqn_epsilon_decay_low_seed1,0.09330521652106873,100000,47.83053986884688
237,309.9379078037622,177.96196250878629,339,12.211062502544538,0.001,1,dqn_epsilon_decay_low_seed1,0.09237216435585804,100000,64.60017530020181
238,251.0415753085156,179.02726061727958,886,11.90518874461441,0.001,1,dqn_epsilon_decay_low_seed1,0.09144844271229946,100000,34.97922501872428
239,291.66518721730154,180.43863593970076,265,12.718307569566763,0.001,1,dqn_epsilon_decay_low_seed1,0.09053395828517646,100000,75.266554695098
240,247.02391160623972,181.18038798187402,456,11.988119299735938,0.001,1,dqn_epsilon_decay_low_seed1,0.08962861870232469,100000,53.110144587663505
241,136.24549697773062,180.01055532499947,1000,11.259744954109191,0.001,1,dqn_epsilon_decay_low_seed1,0.08873233251530144,100000,30.95554490494572
242,278.8323338273435,183.282638654754,263,11.509724454734716,0.001,1,dqn_epsilon_decay_low_seed1,0.08784500919014843,100000,66.6237380965747
243,261.9047143338327,183.7152625121654,307,14.804489674319662,0.001,1,dqn_epsilon_decay_low_seed1,0.08696655909824694,100000,54.25471632531349
244,264.9187633711988,192.29362131728277,624,12.520129073411226,0.001,1,dqn_epsilon_decay_low_seed1,0.08609689350726446,100000,40.19344907707268
245,258.65560877806695,193.76671788595192,497,13.334156152228234,0.001,1,dqn_epsilon_decay_low_seed1,0.08523592457219181,100000,48.19637483986475
246,284.10633699616926,198.5870527378648,372,12.936660008885527,0.001,1,dqn_epsilon_decay_low_seed1,0.0843835653264699,100000,59.439989943253366
247,291.75647459608626,200.92817483621508,167,14.260494631207631,0.001,1,dqn_epsilon_decay_low_seed1,0.0835397296732052,100000,75.38614050134436
248,271.2950064117816,202.42728309299622,318,14.109182687675428,0.001,1,dqn_epsilon_decay_low_seed1,0.08270433237647315,100000,60.15892494407166
249,198.48092800687235,203.09349531873198,634,12.407320507129285,0.001,1,dqn_epsilon_decay_low_seed1,0.08187728905270841,100000,49.90707522275155
250,131.25291532458158,202.91324761474792,1000,11.300704317092896,0.001,1,dqn_epsilon_decay_low_seed1,0.08105851616218133,100000,31.434712563995767
251,300.1130607599115,204.28568286948953,987,12.281944592008717,0.001,1,dqn_epsilon_decay_low_seed1,0.08024793100055952,100000,40.16116785473294
252,265.7620126788902,204.33105898145826,383,11.609494868053158,0.001,1,dqn_epsilon_decay_low_seed1,0.07944545169055392,100000,52.088120029471014
253,276.20969740733324,206.48460852538315,452,12.858550585081092,0.001,1,dqn_epsilon_decay_low_seed1,0.07865099717364837,100000,47.075258566132675
254,254.94273700676706,206.53682874232828,225,10.380972161822848,0.001,1,dqn_epsilon_decay_low_seed1,0.07786448720191189,100000,64.2271647636707
255,269.06266039319553,206.14073557708508,237,13.40280379298367,0.001,1,dqn_epsilon_decay_low_seed1,0.07708584232989277,100000,71.4402351466488
256,147.2879937670415,206.91409595189364,1000,11.103184317231179,0.001,1,dqn_epsilon_decay_low_seed1,0.07631498390659384,100000,41.81562607672907
257,299.5173604849625,208.08799593366265,546,11.241772472530931,0.001,1,dqn_epsilon_decay_low_seed1,0.07555183406752791,100000,45.374863924518706
258,184.0758199895481,208.38502920478956,725,10.948700670209425,0.001,1,dqn_epsilon_decay_low_seed1,0.07479631572685264,100000,40.28443435769626
259,253.42539980080215,207.8278574813257,394,11.566742066653246,0.001,1,dqn_epsilon_decay_low_seed1,0.07404835256958411,100000,47.593799935446846
260,231.98375638830058,210.0296244186914,317,10.887262890203518,0.001,1,dqn_epsilon_decay_low_seed1,0.07330786904388827,100000,77.87998759214001
261,214.79487973562465,209.4013893212147,344,15.444885813566142,0.001,1,dqn_epsilon_decay_low_seed1,0.07257479035344938,100000,55.923566405180914
262,238.4312828594549,211.53295775757942,558,10.88086273999197,0.001,1,dqn_epsilon_decay_low_seed1,0.07184904244991488,100000,51.10054376715662
263,219.6803106009387,212.3859564084414,549,12.7707332665803,0.001,1,dqn_epsilon_decay_low_seed1,0.07113055202541574,100000,53.09941336535668
264,265.9020517382092,212.3679667804025,313,9.827517142882362,0.001,1,dqn_epsilon_decay_low_seed1,0.07041924650516158,100000,54.20294260896768
265,286.2368964271069,213.8553721154881,226,11.556370239342208,0.001,1,dqn_epsilon_decay_low_seed1,0.06971505404010997,100000,80.0623247788249
266,249.8092147017805,215.57352123506453,206,13.133533912954979,0.001,1,dqn_epsilon_decay_low_seed1,0.06901790349970886,100000,73.53363865249011
267,298.36454586491004,216.1357928893243,799,10.07811304632206,0.001,1,dqn_epsilon_decay_low_seed1,0.06832772446471178,100000,39.72444849989777
268,279.54505077622525,216.6099591961094,680,11.223463978311594,0.001,1,dqn_epsilon_decay_low_seed1,0.06764444722006466,100000,44.37402642870706
269,281.8517756367368,216.79243838676436,428,13.170924646832118,0.001,1,dqn_epsilon_decay_low_seed1,0.066968002747864,100000,49.40881206282419
270,277.04423187511355,217.17973290679276,173,13.576570875727372,0.001,1,dqn_epsilon_decay_low_seed1,0.06629832272038537,100000,78.72112602857673
271,244.58742793221847,216.65166550497202,327,10.268226149432156,0.001,1,dqn_epsilon_decay_low_seed1,0.06563533949318151,100000,58.46982035429581
272,270.141800613375,216.89031910347322,266,10.829532695892162,0.001,1,dqn_epsilon_decay_low_seed1,0.06497898609824969,100000,66.9736680593647
273,275.6502663246445,219.6853982759597,248,13.61394064320672,0.001,1,dqn_epsilon_decay_low_seed1,0.0643291962372672,100000,74.0574219458926
274,258.61043527634695,219.5995678013203,216,13.009639875204474,0.001,1,dqn_epsilon_decay_low_seed1,0.06368590427489453,100000,74.05642592388651
275,260.62659943350457,219.55636110496727,241,11.403087820502238,0.001,1,dqn_epsilon_decay_low_seed1,0.06304904523214558,100000,71.92687480514114
276,235.1153240000531,219.27695684849087,238,10.85281680787311,0.001,1,dqn_epsilon_decay_low_seed1,0.06241855477982412,100000,66.01234559145841
277,223.86183780323802,220.12752609983895,288,10.419063652762109,0.001,1,dqn_epsilon_decay_low_seed1,0.06179436923202588,100000,66.43920025218617
278,262.87894695114136,220.8162793197112,304,10.381635082983657,0.001,1,dqn_epsilon_decay_low_seed1,0.06117642553970562,100000,69.6690490591115
279,264.4044122630355,225.56722750671105,415,13.895394792901465,0.001,1,dqn_epsilon_decay_low_seed1,0.06056466128430856,100000,59.95235182891539
280,236.26400749900853,230.5816893141708,398,10.58262122830554,0.001,1,dqn_epsilon_decay_low_seed1,0.05995901467146548,100000,50.77697681344074
281,244.55370453282404,230.8833638728871,722,12.394815349100039,0.001,1,dqn_epsilon_decay_low_seed1,0.05935942452475082,100000,42.43084229802239
282,265.2066266347449,234.77897273024385,255,10.316841814097236,0.001,1,dqn_epsilon_decay_low_seed1,0.058765830279503314,100000,62.76824982037683
283,290.6733619577614,238.66687999206806,361,12.981284137247671,0.001,1,dqn_epsilon_decay_low_seed1,0.05817817197670828,100000,67.67146132648855
284,292.43733354901775,247.51137096713478,339,8.823148444163062,0.001,1,dqn_epsilon_decay_low_seed1,0.057596390256941195,100000,69.64889836159482
285,245.5985735351196,252.5099101939369,678,10.271035510969725,0.001,1,dqn_epsilon_decay_low_seed1,0.05702042635437178,100000,47.17245369725183
286,180.59465473694223,252.44726424990623,728,10.584652528084897,0.001,1,dqn_epsilon_decay_low_seed1,0.05645022209082806,100000,52.674738249129796
287,252.33475119776313,251.2952011177862,225,8.718282727930282,0.001,1,dqn_epsilon_decay_low_seed1,0.05588571986991978,100000,70.55474605375123
288,245.29770080453028,251.18032362770654,643,11.412012380908473,0.001,1,dqn_epsilon_decay_low_seed1,0.055326862671220584,100000,59.18954081487174
289,270.0677434039402,250.7483747514393,732,12.487693702588317,0.001,1,dqn_epsilon_decay_low_seed1,0.05477359404450838,100000,55.39032311998469
290,248.91654502825577,250.78622741987968,383,12.23331535344958,0.001,1,dqn_epsilon_decay_low_seed1,0.054225858104063294,100000,49.4453990069783
291,258.69521193233936,253.23522171897184,367,10.88637409954045,0.001,1,dqn_epsilon_decay_low_seed1,0.05368359952302266,100000,57.359002539690806
292,120.34242762855062,250.065423594996,1000,11.53997129419446,0.001,1,dqn_epsilon_decay_low_seed1,0.053146763527792434,100000,34.019070836780934
293,283.4630342914564,250.49658999414848,770,11.550106943156813,0.001,1,dqn_epsilon_decay_low_seed1,0.052615295892514506,100000,39.043575185495655
294,269.4119964471787,250.5864546556681,479,12.311804298754774,0.001,1,dqn_epsilon_decay_low_seed1,0.052089142933589364,100000,49.53966638261238
295,278.18156078931304,250.97697369589304,223,12.133017527950184,0.001,1,dqn_epsilon_decay_low_seed1,0.05156825150425347,100000,67.8750999969186
296,271.52344469618413,250.7253158498933,219,9.25421014142363,0.001,1,dqn_epsilon_decay_low_seed1,0.051052568989210935,100000,63.42045841930069
297,230.02279056975075,249.49064216936654,381,11.967546241489922,0.001,1,dqn_epsilon_decay_low_seed1,0.05054204329931883,100000,53.012702779900536
298,212.01182648476663,248.30497857082628,292,14.39543200039292,0.001,1,dqn_epsilon_decay_low_seed1,0.05003662286632564,100000,60.110168719881415
299,-357.3551786766453,237.1882564371559,138,5.682635823021764,0.001,1,dqn_epsilon_decay_low_seed1,0.05,100000,-8.444243172652849
300,-269.4258894390601,229.17468034188306,116,8.276047236446676,0.001,1,dqn_epsilon_decay_low_seed1,0.05,100000,150.98613607233222
301,267.87039745111053,228.52982707570703,613,20.03451736687058,0.001,1,dqn_epsilon_decay_low_seed1,0.05,100000,41.66015086725792
302,160.86435226309828,226.43187386739123,1000,11.304578765571117,0.001,1,dqn_epsilon_decay_low_seed1,0.05,100000,45.08964591483547
303,221.13107433479098,225.33030140594042,877,16.58397420330086,0.001,1,dqn_epsilon_decay_low_seed1,0.05,100000,32.55143152127425
304,278.12894858668193,225.79402563753868,476,14.439228613649597,0.001,1,dqn_epsilon_decay_low_seed1,0.05,100000,39.872303870554724
305,240.55974913060834,225.22396741228695,299,14.85091876664688,0.001,1,dqn_epsilon_decay_low_seed1,0.05,100000,56.83418944184209
306,272.2051395118701,227.72231032718352,218,11.53108880470652,0.001,1,dqn_epsilon_decay_low_seed1,0.05,100000,63.88953682127453
307,287.3027614432076,227.4780183463484,336,11.973036167167482,0.001,1,dqn_epsilon_decay_low_seed1,0.05,100000,63.775112483812414
308,290.2583252733723,229.60166845202494,447,11.604935614387994,0.001,1,dqn_epsilon_decay_low_seed1,0.05,100000,55.14142155301744
309,251.21041373626235,229.5573687307341,356,12.212746840681923,0.001,1,dqn_epsilon_decay_low_seed1,0.05,100000,54.73864306959995
310,286.0730676281165,230.63915495553036,230,10.079614553503369,0.001,1,dqn_epsilon_decay_low_seed1,0.05,100000,68.98560023741288
311,256.7902704249252,231.4790627693164,271,40.371803619104995,0.001,1,dqn_epsilon_decay_low_seed1,0.05,100000,60.93671901409443
312,281.3172259348935,232.3367816308251,233,18.487896385622637,0.001,1,dqn_epsilon_decay_low_seed1,0.05,100000,74.26054115119618
313,271.9554189512721,233.38228379783183,314,15.59571266667858,0.001,1,dqn_epsilon_decay_low_seed1,0.05,100000,62.510089213053384
314,283.424593338418,233.73273462983602,583,23.696139418649427,0.001,1,dqn_epsilon_decay_low_seed1,0.05,100000,53.176231286104986
315,103.26950711249032,230.07338684354366,1000,12.932217454075813,0.001,1,dqn_epsilon_decay_low_seed1,0.05,100000,45.86082919756907
316,277.12895202098184,230.61978158992773,299,16.86460340900166,0.001,1,dqn_epsilon_decay_low_seed1,0.05,100000,66.31356581972356
317,252.90070208752547,229.71050471438,258,81.30011013681575,0.001,1,dqn_epsilon_decay_low_seed1,0.05,100000,84.48956006887008
318,299.2593826918883,230.10479135269327,404,14.585954277084605,0.001,1,dqn_epsilon_decay_low_seed1,0.05,100000,58.318940072783626
319,239.44656670436436,229.25668717404577,425,12.404959274039548,0.001,1,dqn_epsilon_decay_low_seed1,0.05,100000,46.435218988246035
320,222.8179960451903,228.17216245744734,426,10.046273230736805,0.001,1,dqn_epsilon_decay_low_seed1,0.05,100000,46.846166754581056
321,267.8807921751277,228.63802974230552,259,12.877920785235622,0.001,1,dqn_epsilon_decay_low_seed1,0.05,100000,67.0818098613194
322,232.21890698020997,227.8795718696422,230,11.79751934396184,0.001,1,dqn_epsilon_decay_low_seed1,0.05,100000,71.1818117028502
323,241.10708261555843,227.18870819546052,346,17.39907390990354,0.001,1,dqn_epsilon_decay_low_seed1,0.05,100000,54.252124593371434
324,42.98678674717584,222.87623522487712,102,13.02112733908728,0.001,1,dqn_epsilon_decay_low_seed1,0.05,100000,116.73553331436649
325,256.32626446228755,222.7902285254528,254,16.615394144780993,0.001,1,dqn_epsilon_decay_low_seed1,0.05,100000,66.09587809031977
326,285.2600229295274,223.7931225040423,316,64.2558498565532,0.001,1,dqn_epsilon_decay_low_seed1,0.05,100000,66.60733523144818
327,266.94874377517556,224.65486062348108,213,11.776814656218452,0.001,1,dqn_epsilon_decay_low_seed1,0.05,100000,71.3690618955172
328,234.76793619863005,224.0926404084308,520,29.502982672533165,0.001,1,dqn_epsilon_decay_low_seed1,0.05,100000,51.79647664755702
329,240.57128232750057,223.6159778097201,239,15.248504347631622,0.001,1,dqn_epsilon_decay_low_seed1,0.05,100000,73.82690480325074
330,129.7143495355905,221.48498465045174,1000,33.03984970653057,0.001,1,dqn_epsilon_decay_low_seed1,0.05,100000,36.90685326111417
331,234.36880636341363,221.28128668706356,223,14.144519666919793,0.001,1,dqn_epsilon_decay_low_seed1,0.05,100000,67.91181157253406
332,239.74234701009595,220.77200109457056,458,12.953375049033019,0.001,1,dqn_epsilon_decay_low_seed1,0.05,100000,55.51675471732144
333,280.9277411535673,220.5770886784867,413,13.826707411043293,0.001,1,dqn_epsilon_decay_low_seed1,0.05,100000,64.93756275129199
334,241.9915613579423,219.56817323466518,294,15.363775235657789,0.001,1,dqn_epsilon_decay_low_seed1,0.05,100000,62.50519898438369
335,232.1080163196458,219.29836209035574,372,12.987687088148569,0.001,1,dqn_epsilon_decay_low_seed1,0.05,100000,56.35236139107294
336,-399.811545994788,207.6902380757211,234,12.438753206760456,0.001,1,dqn_epsilon_decay_low_seed1,0.05,100000,47.49523641374376
337,307.7061390492239,208.79766583275025,288,27.365521656970184,0.001,1,dqn_epsilon_decay_low_seed1,0.05,100000,83.979092354322
338,289.77624735868187,209.6872367638333,309,19.04253600793363,0.001,1,dqn_epsilon_decay_low_seed1,0.05,100000,67.27409347922115
339,298.12856938465234,210.24845328344756,312,57.295695326935785,0.001,1,dqn_epsilon_decay_low_seed1,0.05,100000,70.81372393290202
340,210.63664604168446,209.48285530371612,293,46.3291149977531,0.001,1,dqn_epsilon_decay_low_seed1,0.05,100000,76.23707356806779
341,279.8079443487467,209.90510995204428,281,29.675713534669097,0.001,1,dqn_epsilon_decay_low_seed1,0.05,100000,69.81382412770215
342,280.26745269874027,213.10361045344806,184,15.813468648039777,0.001,1,dqn_epsilon_decay_low_seed1,0.05,100000,78.45362367043948
343,262.873423488332,212.69181823738555,190,122.89465014746314,0.001,1,dqn_epsilon_decay_low_seed1,0.05,100000,84.16669004855875
344,251.09170199599225,212.32541234836182,231,14.316393881391138,0.001,1,dqn_epsilon_decay_low_seed1,0.05,100000,71.15001585724157
345,262.76256380660595,212.0170324087077,490,23.428857068382964,0.001,1,dqn_epsilon_decay_low_seed1,0.05,100000,50.22758501872682
346,297.60483523251,212.53866021943423,401,14.103090760713801,0.001,1,dqn_epsilon_decay_low_seed1,0.05,100000,72.36532155442049
347,244.67984225398737,212.83180125311898,272,121.77466096707127,0.001,1,dqn_epsilon_decay_low_seed1,0.05,100000,83.61424949225479
348,264.21150186807165,213.8757947607851,277,27.212593609245246,0.001,1,dqn_epsilon_decay_low_seed1,0.05,100000,68.31918062482562
349,276.4411906948664,226.5517221482154,234,62.19605987741907,0.001,1,dqn_epsilon_decay_low_seed1,0.05,100000,78.30584750705295
350,18.569503129313986,232.31162999958283,147,40.95542142829117,0.001,1,dqn_epsilon_decay_low_seed1,0.05,100000,107.55907688970152
351,210.01406968157198,231.15450344419204,480,23.957881291148563,0.001,1,dqn_epsilon_decay_low_seed1,0.05,100000,71.25116112847648
352,296.8122091645216,233.8734605822205,173,39.68311897626502,0.001,1,dqn_epsilon_decay_low_seed1,0.05,100000,84.26296633984668
353,251.89666091284127,234.48877231378157,581,59.670848992523354,0.001,1,dqn_epsilon_decay_low_seed1,0.05,100000,51.34690879231734
354,274.68788279644264,234.41995099797674,473,36.44546388546458,0.001,1,dqn_epsilon_decay_low_seed1,0.05,100000,62.08777220938642
355,-21.419398987893445,229.18036803560673,171,107.17692970131573,0.001,1,dqn_epsilon_decay_low_seed1,0.05,100000,66.78958417134113
356,274.9699197453856,229.23566364027698,399,32.827022225262226,0.001,1,dqn_epsilon_decay_low_seed1,0.05,100000,69.89913746172017
357,231.91702291071599,228.12794886962718,422,29.52608247327296,0.001,1,dqn_epsilon_decay_low_seed1,0.05,100000,51.500215563857765
358,148.00443544584192,225.2828710730766,1000,57.98327889624238,0.001,1,dqn_epsilon_decay_low_seed1,0.05,100000,52.542311794468084
359,289.76532365091106,226.05396927136957,422,98.1635026498146,0.001,1,dqn_epsilon_decay_low_seed1,0.05,100000,62.68579628029648
360,230.1324503497637,224.93515692580252,311,15.676778954708308,0.001,1,dqn_epsilon_decay_low_seed1,0.05,100000,58.87985753065703
361,276.1292119364471,225.3219357560329,461,58.06493822496522,0.001,1,dqn_epsilon_decay_low_seed1,0.05,100000,55.096947572849416
362,268.6630415230678,225.06885206779646,247,21.92021101134026,0.001,1,dqn_epsilon_decay_low_seed1,0.05,100000,66.79941430585137
363,264.5132423696,224.92000853616304,199,56.25548465287865,0.001,1,dqn_epsilon_decay_low_seed1,0.05,100000,74.42635502062346
364,302.33340432348257,225.29818475586433,273,25.538317644770764,0.001,1,dqn_epsilon_decay_low_seed1,0.05,100000,80.98039512634277
365,246.0945216916357,228.1546850474472,224,86.98152161309761,0.001,1,dqn_epsilon_decay_low_seed1,0.05,100000,67.48763066585933
366,288.29135497524953,228.37793310653254,227,49.642286906683495,0.001,1,dqn_epsilon_decay_low_seed1,0.05,100000,81.63017869878698
367,255.4784253900572,228.42948757258313,260,173.73329482663135,0.001,1,dqn_epsilon_decay_low_seed1,0.05,100000,66.6952596358311
368,152.2940521905377,225.4901809625562,1000,93.73591043063998,0.001,1,dqn_epsilon_decay_low_seed1,0.05,100000,36.07923437620464
369,301.59334695131446,226.7331165674952,189,71.52748983719992,0.001,1,dqn_epsilon_decay_low_seed1,0.05,100000,77.28232360672165
370,234.7671655560665,226.97209995771266,261,26.275204113388426,0.001,1,dqn_epsilon_decay_low_seed1,0.05,100000,70.51897814991028
371,224.90723820248922,226.11262887825993,213,16.599641888494222,0.001,1,dqn_epsilon_decay_low_seed1,0.05,100000,69.0257983632607
372,240.8289259134394,226.28482925692452,622,82.604306021304,0.001,1,dqn_epsilon_decay_low_seed1,0.05,100000,44.21933565424922
373,260.7154199550354,226.67699600371404,346,55.48548731225075,0.001,1,dqn_epsilon_decay_low_seed1,0.05,100000,53.997517227404046
374,260.09157774819266,231.0190918237344,229,53.648775962762954,0.001,1,dqn_epsilon_decay_low_seed1,0.05,100000,70.64497685432434
375,243.82638633423153,230.76909426117322,237,95.25798493497986,0.001,1,dqn_epsilon_decay_low_seed1,0.05,100000,73.0256646278146
376,27.438558006992835,225.61266496272253,170,27.238426321744917,0.001,1,dqn_epsilon_decay_low_seed1,0.05,100000,88.91901009171097
377,302.24683057921504,226.31862669880334,262,21.031196494821373,0.001,1,dqn_epsilon_decay_low_seed1,0.05,100000,68.28599445056538
378,274.5274788474938,227.11381755178064,288,120.4509052120977,0.001,1,dqn_epsilon_decay_low_seed1,0.05,100000,63.9655421140889
379,269.56832517357793,227.69375840870217,246,38.31611044474734,0.001,1,dqn_epsilon_decay_low_seed1,0.05,100000,65.8771412220407
380,284.37682122320064,230.78700784245436,287,22.82631047864409,0.001,1,dqn_epsilon_decay_low_seed1,0.05,100000,61.728329833816076
381,289.998034612883,231.89959240744372,255,20.773852730031106,0.001,1,dqn_epsilon_decay_low_seed1,0.05,100000,70.2846202529779
382,244.71124819190098,231.99897043107975,209,226.70623850366144,0.001,1,dqn_epsilon_decay_low_seed1,0.05,100000,70.11305900414784
383,297.9742274830671,232.33990015766983,234,35.166272770899994,0.001,1,dqn_epsilon_decay_low_seed1,0.05,100000,73.55203524191818
384,261.7663404432733,232.7353957393764,203,36.3565336844604,0.001,1,dqn_epsilon_decay_low_seed1,0.05,100000,80.20724944273631
385,300.2587103006096,234.09840961899567,264,22.896153647904143,0.001,1,dqn_epsilon_decay_low_seed1,0.05,100000,78.6444003385656
386,263.6172041687142,247.36698462226576,241,145.37258379291202,0.001,1,dqn_epsilon_decay_low_seed1,0.05,100000,74.38459167982403
387,305.5031890153441,247.32292562158815,211,22.724360204138463,0.001,1,dqn_epsilon_decay_low_seed1,0.05,100000,82.96730083050115
388,231.9462210189754,246.16632509479402,222,183.31286009474917,0.001,1,dqn_epsilon_decay_low_seed1,0.05,100000,70.49604247380229
389,241.54474011225395,245.03464850934606,212,28.47971780851202,0.001,1,dqn_epsilon_decay_low_seed1,0.05,100000,76.23697313802496
390,299.6080911642241,246.8140774117968,252,222.48573590909677,0.001,1,dqn_epsilon_decay_low_seed1,0.05,100000,84.08945177788515
391,247.38263164749324,246.16557115777178,251,33.95368892548094,0.001,1,dqn_epsilon_decay_low_seed1,0.05,100000,64.6225855736317
392,249.24985257393348,245.54521915527567,382,94.21024696630333,0.001,1,dqn_epsilon_decay_low_seed1,0.05,100000,64.65244195749472
393,275.10481160555173,245.78984691762005,397,251.37724011881227,0.001,1,dqn_epsilon_decay_low_seed1,0.05,100000,55.51115610217798
394,247.32196360607642,245.71445214982174,214,29.29678534458731,0.001,1,dqn_epsilon_decay_low_seed1,0.05,100000,74.79082379224823
395,284.81050373114533,246.15541094831252,263,19.384007769392472,0.001,1,dqn_epsilon_decay_low_seed1,0.05,100000,77.10637042475682
396,243.71396228050898,245.07759348927252,219,132.54920650018406,0.001,1,dqn_epsilon_decay_low_seed1,0.05,100000,74.88343325528231
397,268.51573091856915,245.55431126256414,389,116.78303806931929,0.001,1,dqn_epsilon_decay_low_seed1,0.05,100000,69.07787421177923
398,246.60920951804732,245.20226541556366,237,165.02828390286442,0.001,1,dqn_epsilon_decay_low_seed1,0.05,100000,73.6000736118418
399,293.9018113353188,245.55147782837273,397,309.987339466585,0.001,1,dqn_epsilon_decay_low_seed1,0.05,100000,60.91985711776053
400,243.2092433493094,250.04427263277262,520,151.11808124184608,0.001,1,dqn_epsilon_decay_low_seed1,0.05,100000,49.86584144040763
401,135.02242657997394,248.54443977074064,1000,189.82116252464056,0.001,1,dqn_epsilon_decay_low_seed1,0.05,100000,38.86211855589155
402,250.34363498144128,247.61506828707905,278,328.3605631246841,0.001,1,dqn_epsilon_decay_low_seed1,0.05,100000,72.03526388828293
403,-22.69165866886678,242.12330189544485,1000,218.87642965120077,0.001,1,dqn_epsilon_decay_low_seed1,0.05,100000,63.73731751406746
404,268.8471585957259,242.0064874114305,288,87.70265110147496,0.001,1,dqn_epsilon_decay_low_seed1,0.05,100000,74.73879076685716
405,-11.435229506363456,242.20617080106112,210,207.51804259788423,0.001,1,dqn_epsilon_decay_low_seed1,0.05,100000,76.82140785217285
406,239.17754745101303,241.49032335517367,241,69.28427161344354,0.001,1,dqn_epsilon_decay_low_seed1,0.05,100000,77.66840286927076
407,205.91580646875116,240.9702990263344,221,34.88070534230357,0.001,1,dqn_epsilon_decay_low_seed1,0.05,100000,76.85248326355557
408,249.57500718626977,243.0017104611429,427,310.60571442094283,0.001,1,dqn_epsilon_decay_low_seed1,0.05,100000,56.18747686447943
409,-176.55784996922287,233.6752469887402,57,52.790701422775,0.001,1,dqn_epsilon_decay_low_seed1,0.05,100000,73.04318064664092
410,292.67265126688017,234.92605100708258,252,176.0201446487317,0.001,1,dqn_epsilon_decay_low_seed1,0.05,100000,90.73127342672909
411,275.552082391643,234.91450841618646,252,538.6151611308256,0.001,1,dqn_epsilon_decay_low_seed1,0.05,100000,77.56115282620632
412,223.24846899801383,234.00621696568538,597,255.82153435727858,0.001,1,dqn_epsilon_decay_low_seed1,0.05,100000,55.74113041965674
413,293.7236246720188,234.5904246117338,249,133.39603133852702,0.001,1,dqn_epsilon_decay_low_seed1,0.05,100000,85.67230584596065
414,268.120788693437,233.9061722991328,361,92.75714903607593,0.001,1,dqn_epsilon_decay_low_seed1,0.05,100000,63.889572333174144
415,145.79229308266036,231.90012772695337,1000,543.1633102839589,0.001,1,dqn_epsilon_decay_low_seed1,0.05,100000,46.841658526246654
416,244.35984035217976,231.0214974344919,481,596.334023301542,0.001,1,dqn_epsilon_decay_low_seed1,0.05,100000,59.77389575401423
417,245.58649162023028,230.82365875909542,274,142.85487551932786,0.001,1,dqn_epsilon_decay_low_seed1,0.05,100000,75.18329544067383
418,237.52465989719735,232.52827091322854,287,185.23388680680705,0.001,1,dqn_epsilon_decay_low_seed1,0.05,100000,69.10351431630824
419,271.5663951160483,231.9277318765232,240,61.705769859006004,0.001,1,dqn_epsilon_decay_low_seed1,0.05,100000,82.00064062250071
420,279.1310808606554,232.815010182615,373,242.55010281611064,0.001,1,dqn_epsilon_decay_low_seed1,0.05,100000,70.54410314293547
421,254.26361233922836,233.40213766534976,262,515.0383656775679,0.001,1,dqn_epsilon_decay_low_seed1,0.05,100000,71.70345260620117
422,256.6914836005044,233.7193888190911,293,81.23373498749814,0.001,1,dqn_epsilon_decay_low_seed1,0.05,100000,69.76288749993483
423,272.16234062354914,233.94832723246137,269,39.427578338903125,0.001,1,dqn_epsilon_decay_low_seed1,0.05,100000,75.1832551245596
424,286.56784838052783,234.47785264510807,492,216.54392946190467,0.001,1,dqn_epsilon_decay_low_seed1,0.05,100000,64.87663226419306
425,275.40769653326754,235.10947884908876,260,416.59761881942933,0.001,1,dqn_epsilon_decay_low_seed1,0.05,100000,76.35880343119304
426,277.9376398871215,240.1194604866914,361,299.0946936818701,0.001,1,dqn_epsilon_decay_low_seed1,0.05,100000,65.4232181583031
427,231.6794433345243,238.70811274179752,288,59.051439095909394,0.001,1,dqn_epsilon_decay_low_seed1,0.05,100000,71.13423836447976
428,269.728116036729,238.61212548558225,255,489.05528537549225,0.001,1,dqn_epsilon_decay_low_seed1,0.05,100000,76.6075951779475
429,147.6403870512959,236.17356672313662,1000,704.3305014879405,0.001,1,dqn_epsilon_decay_low_seed1,0.05,100000,48.5506407710656
430,276.0818231486644,236.00766676164594,255,410.12034257977615,0.001,1,dqn_epsilon_decay_low_seed1,0.05,100000,79.68833319216358
431,247.71097300399208,235.1619255294681,270,427.76806538767283,0.001,1,dqn_epsilon_decay_low_seed1,0.05,100000,67.800670846427
432,265.30220798225724,235.57374472527525,317,83.43393271503388,0.001,1,dqn_epsilon_decay_low_seed1,0.05,100000,71.91323391908135
433,236.54173978916495,234.3450949713972,289,449.09582070763963,0.001,1,dqn_epsilon_decay_low_seed1,0.05,100000,72.15269372402093
434,245.4791366754216,234.0193508960402,333,385.27665211578034,0.001,1,dqn_epsilon_decay_low_seed1,0.05,100000,63.76102645442171
435,27.127163050825686,228.5567199510445,199,1419.1397057400277,0.001,1,dqn_epsilon_decay_low_seed1,0.05,100000,85.72163388603612
436,227.86690907089624,227.84171404908813,276,373.611033015709,0.001,1,dqn_epsilon_decay_low_seed1,0.05,100000,64.97077679267296
437,261.42691889525247,226.96018864668633,302,486.6472645522348,0.001,1,dqn_epsilon_decay_low_seed1,0.05,100000,75.65614067668646
438,59.8355764901458,223.51797575610973,151,423.58589667594987,0.001,1,dqn_epsilon_decay_low_seed1,0.05,100000,89.4490572784258
439,278.8516633729024,224.26411422132276,216,205.74085580999102,0.001,1,dqn_epsilon_decay_low_seed1,0.05,100000,81.65654823826809
440,258.8148835786482,223.44825006961125,268,595.431490728437,0.001,1,dqn_epsilon_decay_low_seed1,0.05,100000,71.58429044576792
441,249.1534114091399,223.48366566484418,653,1177.6966110636774,0.001,1,dqn_epsilon_decay_low_seed1,0.05,100000,50.02019922421002
442,231.96536871931536,223.13797598775182,420,475.65303516345364,0.001,1,dqn_epsilon_decay_low_seed1,0.05,100000,63.793707407256704
443,228.10198604904537,222.19791947662165,279,1749.141321563806,0.001,1,dqn_epsilon_decay_low_seed1,0.05,100000,72.86704940204473
444,268.2654764732904,222.61678973396596,449,630.0140260489852,0.001,1,dqn_epsilon_decay_low_seed1,0.05,100000,60.94241057301019
445,254.32415628630739,222.00706278506917,264,1037.4674367500525,0.001,1,dqn_epsilon_decay_low_seed1,0.05,100000,69.86156203737296
446,268.8480470517097,222.5097444804932,269,150.09384743476002,0.001,1,dqn_epsilon_decay_low_seed1,0.05,100000,78.84273057914825
447,275.06550659718823,222.6407399940656,282,618.1297519608593,0.001,1,dqn_epsilon_decay_low_seed1,0.05,100000,72.16776529458853
448,266.55988659351743,223.039753535575,207,1969.8115781093566,0.001,1,dqn_epsilon_decay_low_seed1,0.05,100000,78.3724099164033
449,249.37526995328193,222.14922270793423,273,587.775283746012,0.001,1,dqn_epsilon_decay_low_seed1,0.05,100000,73.2013525559352
450,287.04800802204346,223.0259980013889,226,2029.4980167999731,0.001,1,dqn_epsilon_decay_low_seed1,0.05,100000,76.1547882567802
451,287.145359352746,226.06845665684432,403,734.7242823257932,0.001,1,dqn_epsilon_decay_low_seed1,0.05,100000,64.42237221593882
452,288.18878719593505,226.82535970113418,246,630.5552030581284,0.001,1,dqn_epsilon_decay_low_seed1,0.05,100000,75.91045913361667
453,262.0413936590753,232.52002074769305,254,1115.2404624409094,0.001,1,dqn_epsilon_decay_low_seed1,0.05,100000,74.50828745335708
454,233.64567911056292,231.8159911579898,214,26.307263481839794,0.001,1,dqn_epsilon_decay_low_seed1,0.05,100000,74.76144577693013
455,245.9485172914833,236.9636660939467,200,652.0107462403179,0.001,1,dqn_epsilon_decay_low_seed1,0.05,100000,78.06427183605376
456,270.56040902297826,237.59132332538607,256,622.3147583573591,0.001,1,dqn_epsilon_decay_low_seed1,0.05,100000,72.67386065281278
457,285.08397288944855,239.1746866538,243,1073.5951915815044,0.001,1,dqn_epsilon_decay_low_seed1,0.05,100000,80.43041264229987
458,242.36753251150472,239.03053716030468,417,566.0647066844454,0.001,1,dqn_epsilon_decay_low_seed1,0.05,100000,55.14327346744822
459,270.3500354535288,247.9686948687597,401,2436.4227313924016,0.001,1,dqn_epsilon_decay_low_seed1,0.05,100000,61.57810567794962
460,266.355791677821,247.4423576769785,244,534.779591357366,0.001,1,dqn_epsilon_decay_low_seed1,0.05,100000,68.85920578267151
461,234.55176174848677,246.62235126411542,224,1201.1409751450908,0.001,1,dqn_epsilon_decay_low_seed1,0.05,100000,73.719692398781
462,256.481318936252,247.2870082628802,415,723.5974483238646,0.001,1,dqn_epsilon_decay_low_seed1,0.05,100000,54.031693208611955
463,286.59560648535245,247.14444789914683,235,1544.0097635076402,0.001,1,dqn_epsilon_decay_low_seed1,0.05,100000,75.46515610840943
464,243.28873351767464,246.6478067956316,275,3632.7787488144095,0.001,1,dqn_epsilon_decay_low_seed1,0.05,100000,69.72106172099258
465,-2.7579809936333817,243.67680131410572,137,936.8236932798023,0.001,1,dqn_epsilon_decay_low_seed1,0.05,100000,78.32026898391604
466,240.59260373075463,243.60145658167718,225,722.2750006392267,0.001,1,dqn_epsilon_decay_low_seed1,0.05,100000,75.16702604747954
467,277.2580619136373,244.23488798754533,585,979.2992167876317,0.001,1,dqn_epsilon_decay_low_seed1,0.05,100000,46.08744479080255
468,286.1369146607276,245.20713308281591,225,131.17099681483376,0.001,1,dqn_epsilon_decay_low_seed1,0.05,100000,77.01595417658488
469,261.79210278517473,245.01164723619843,203,65.40585800462168,0.001,1,dqn_epsilon_decay_low_seed1,0.05,100000,79.67118485935072
470,226.1846839074617,243.95271929713462,301,611.8507112127007,0.001,1,dqn_epsilon_decay_low_seed1,0.05,100000,64.89683814213194
471,275.71578042795204,244.38176265890905,597,1875.4697532458122,0.001,1,dqn_epsilon_decay_low_seed1,0.05,100000,53.822350832132194
472,280.5558224407084,244.85904943571313,266,763.7880337708875,0.001,1,dqn_epsilon_decay_low_seed1,0.05,100000,63.497592594312586
473,260.8542587228236,244.63288779769863,268,1695.9668825269857,0.001,1,dqn_epsilon_decay_low_seed1,0.05,100000,65.21887796853919
474,245.9060458758223,243.81965174760455,263,912.1037582433269,0.001,1,dqn_epsilon_decay_low_seed1,0.05,100000,73.95029839943713
475,262.83276185675084,243.5681530540743,192,2711.4049318013713,0.001,1,dqn_epsilon_decay_low_seed1,0.05,100000,74.31804747607826
476,82.64204678052776,239.66224119194234,1000,924.8586836413741,0.001,1,dqn_epsilon_decay_low_seed1,0.05,100000,44.132220497893485
477,274.9504067891757,240.52766046103537,226,302.4684808937322,0.001,1,dqn_epsilon_decay_low_seed1,0.05,100000,81.54574843940385
478,274.71942105031457,240.62748656130705,185,165.79881827766832,0.001,1,dqn_epsilon_decay_low_seed1,0.05,100000,87.3253224433502
479,256.1155886034617,242.79699059235037,238,477.420955942208,0.001,1,dqn_epsilon_decay_low_seed1,0.05,100000,79.77873196222086
480,256.36152896698854,242.4025847087169,249,1344.443834921203,0.001,1,dqn_epsilon_decay_low_seed1,0.05,100000,79.10915857110142
481,271.7939969094966,242.884245186827,227,512.7336648497812,0.001,1,dqn_epsilon_decay_low_seed1,0.05,100000,81.10848892004782
482,275.9136595776835,243.09647421873558,336,2115.307047905489,0.001,1,dqn_epsilon_decay_low_seed1,0.05,100000,86.30428521288266
483,280.7733523241424,243.9811064694351,196,1308.970708552672,0.001,1,dqn_epsilon_decay_low_seed1,0.05,100000,88.71700993588097
484,273.1173606327934,244.53387094858252,293,265.1781828503153,0.001,1,dqn_epsilon_decay_low_seed1,0.05,100000,68.6555302982131
485,286.69671281427713,249.72526194385154,278,675.1685845227979,0.001,1,dqn_epsilon_decay_low_seed1,0.05,100000,74.06456372210087
486,200.62559817821094,249.18043572599785,440,177.2174989487637,0.001,1,dqn_epsilon_decay_low_seed1,0.05,100000,57.50146338492278
487,257.009697478406,249.0920912976609,248,1091.2094877160364,0.001,1,dqn_epsilon_decay_low_seed1,0.05,100000,76.85589401569773
488,256.8126491775421,253.0316327514088,226,303.7180198911017,0.001,1,dqn_epsilon_decay_low_seed1,0.05,100000,80.00564034779866
489,289.59417326290526,253.24648294920888,205,254.3849166367112,0.001,1,dqn_epsilon_decay_low_seed1,0.05,100000,84.00677313876511
490,275.114731593257,253.57247990950106,309,2250.4677409429382,0.001,1,dqn_epsilon_decay_low_seed1,0.05,100000,71.17395694033085
491,266.80320643728624,253.92547581006397,310,845.434934248655,0.001,1,dqn_epsilon_decay_low_seed1,0.05,100000,67.74175976909522
492,272.9823576416614,254.74581558851088,276,3658.378844367421,0.001,1,dqn_epsilon_decay_low_seed1,0.05,100000,74.90089792104868
493,263.54246410154906,255.45462514956097,251,117.52071031702467,0.001,1,dqn_epsilon_decay_low_seed1,0.05,100000,77.67149429321289
494,126.09294172988956,252.61117445469296,1000,1355.7725348394513,0.001,1,dqn_epsilon_decay_low_seed1,0.05,100000,45.82349544392216
495,266.860086599418,252.86189306095514,365,1264.7978846365459,0.001,1,dqn_epsilon_decay_low_seed1,0.05,100000,63.88189615136165
496,255.8480133846737,252.6018923876144,281,397.5174111465118,0.001,1,dqn_epsilon_decay_low_seed1,0.05,100000,74.2696903652615
497,310.643269264697,253.31344764096463,265,145.5821029586612,0.001,1,dqn_epsilon_decay_low_seed1,0.05,100000,78.17074770376502
498,232.54063633370288,252.63306263576834,349,225.08876755876324,0.001,1,dqn_epsilon_decay_low_seed1,0.05,100000,64.28000127263816
499,218.03161375417892,252.0061895117863,281,1490.428074413347,0.001,1,dqn_epsilon_decay_low_seed1,0.05,100000,68.51600499917532
500,218.96336966952168,250.64449674473585,410,2410.940677229224,0.001,1,dqn_epsilon_decay_low_seed1,0.05,100000,57.51059576487728
501,261.93898282431394,250.1403692141672,301,3101.4077003061575,0.001,1,dqn_epsilon_decay_low_seed1,0.05,100000,68.5379478914518
502,300.0372399387826,250.37733826902422,241,315.9658285930938,0.001,1,dqn_epsilon_decay_low_seed1,0.05,100000,79.89656290690104
503,215.7548078171106,249.45160655218493,275,1661.6018733646654,0.001,1,dqn_epsilon_decay_low_seed1,0.05,100000,69.45572708768083
504,239.73339233376933,249.57336081664909,241,1917.7132194888047,0.001,1,dqn_epsilon_decay_low_seed1,0.05,100000,74.19984003593181
505,292.25796871359717,250.49954984509134,269,772.5698371031027,0.001,1,dqn_epsilon_decay_low_seed1,0.05,100000,73.4499828148619
506,306.50839220212094,251.21850950867417,306,415.55971895090113,0.001,1,dqn_epsilon_decay_low_seed1,0.05,100000,79.70103421704522
507,267.59647643402144,250.86875957956562,278,2111.0860963185055,0.001,1,dqn_epsilon_decay_low_seed1,0.05,100000,69.33368080922406
508,249.49401174557093,251.01128916424696,248,212.07493726813024,0.001,1,dqn_epsilon_decay_low_seed1,0.05,100000,76.72593971060104
509,273.33689980686654,251.07102645131374,338,1636.4039994425323,0.001,1,dqn_epsilon_decay_low_seed1,0.05,100000,66.03895446489442
510,285.9558522513221,251.46302766278376,209,916.8704277214251,0.001,1,dqn_epsilon_decay_low_seed1,0.05,100000,80.51684008867312
511,265.5091644678591,252.08217571717117,235,75.76722268271953,0.001,1,dqn_epsilon_decay_low_seed1,0.05,100000,75.92055246710233
512,257.5785632803304,252.1041206040527,246,590.837903675025,0.001,1,dqn_epsilon_decay_low_seed1,0.05,100000,75.65132706074775
513,264.26257749824094,251.65746002431047,313,2595.2732304944016,0.001,1,dqn_epsilon_decay_low_seed1,0.05,100000,64.57921127344937
514,313.0695800927037,253.05307695581104,236,152.29880414650603,0.001,1,dqn_epsilon_decay_low_seed1,0.05,100000,85.87226321518683
515,303.9909726086318,259.18805602785636,264,1063.7200370408368,0.001,1,dqn_epsilon_decay_low_seed1,0.05,100000,76.62427848385227
516,117.79789845509205,256.7321619223431,1000,435.4302245682478,0.001,1,dqn_epsilon_decay_low_seed1,0.05,100000,35.12765466019698
517,246.4623599373988,256.1162478828183,257,76.40419949075127,0.001,1,dqn_epsilon_decay_low_seed1,0.05,100000,76.41921401526858
518,240.7190353008934,255.2078902956216,366,427.78759885819557,0.001,1,dqn_epsilon_decay_low_seed1,0.05,100000,65.69502677593285
519,243.67695877835024,254.84558741548517,921,1254.9305017468207,0.001,1,dqn_epsilon_decay_low_seed1,0.05,100000,44.444459806294205
520,239.2226018177086,255.10634577369004,199,85.20498302983279,0.001,1,dqn_epsilon_decay_low_seed1,0.05,100000,83.02194842992652
521,306.5931796465312,255.72389375806165,223,2075.1924767085256,0.001,1,dqn_epsilon_decay_low_seed1,0.05,100000,87.92167015941371
522,258.8656158996133,255.29008962723972,281,121.74937522262866,0.001,1,dqn_epsilon_decay_low_seed1,0.05,100000,48.10727674810417
523,286.7660907462084,255.80832626770743,357,87.91329651085937,0.001,1,dqn_epsilon_decay_low_seed1,0.05,100000,74.70728812531797
524,52.85986983785608,251.94740274694814,114,759.2958186577287,0.001,1,dqn_epsilon_decay_low_seed1,0.05,100000,128.72265697660902
525,-18.78263332094484,246.3150948433942,115,104.39383569644845,0.001,1,dqn_epsilon_decay_low_seed1,0.05,100000,107.81132995535474
526,261.24771883893953,249.88720828456246,203,1485.6695031864303,0.001,1,dqn_epsilon_decay_low_seed1,0.05,100000,86.96196692051032
527,274.20599601122007,249.87232006900334,233,2456.8069234367604,0.001,1,dqn_epsilon_decay_low_seed1,0.05,100000,78.96389846801758
528,278.9805202877347,249.95754205375172,315,1269.0258268261712,0.001,1,dqn_epsilon_decay_low_seed1,0.05,100000,74.07993075855546
529,288.1320215529268,250.597870712741,231,118.88688878863405,0.001,1,dqn_epsilon_decay_low_seed1,0.05,100000,89.07206458688897
530,60.20432013659314,246.6747265361331,123,45.29144147111148,0.001,1,dqn_epsilon_decay_low_seed1,0.05,100000,125.69040936381877
531,267.464139824967,246.58812939444252,199,136.98752232502454,0.001,1,dqn_epsilon_decay_low_seed1,0.05,100000,86.54860102203844
532,310.73544700775915,247.284565143044,464,174.42471401008038,0.001,1,dqn_epsilon_decay_low_seed1,0.05,100000,67.76386127996882
533,247.86495153365576,246.6263971272343,267,792.7779035827194,0.001,1,dqn_epsilon_decay_low_seed1,0.05,100000,82.75185990521288
534,275.63621431462974,246.676774200871,222,186.7533921986013,0.001,1,dqn_epsilon_decay_low_seed1,0.05,100000,87.16528068365052
535,302.39829658808526,246.99080587634714,249,349.4213181518647,0.001,1,dqn_epsilon_decay_low_seed1,0.05,100000,87.77124218265386
536,294.71773292060243,248.87264857119496,206,1230.7229501561633,0.001,1,dqn_epsilon_decay_low_seed1,0.05,100000,96.51830958831005
537,243.67638442004923,248.60598231002783,206,478.7268115649524,0.001,1,dqn_epsilon_decay_low_seed1,0.05,100000,88.06016781354191
538,275.8782776307379,248.98729487909176,235,1281.0396832192198,0.001,1,dqn_epsilon_decay_low_seed1,0.05,100000,81.6935008083071
539,-764.0326109468195,227.91475919489727,86,28.372606129147286,0.001,1,dqn_epsilon_decay_low_seed1,0.05,100000,396.3441729772659
540,209.33553632750997,226.59917528958232,375,1499.1019479893048,0.001,1,dqn_epsilon_decay_low_seed1,0.05,100000,82.50943920680454
541,-2.751108862956059,221.20808898357748,111,58.55997839865384,0.001,1,dqn_epsilon_decay_low_seed1,0.05,100000,111.85611423310779
542,236.39277164760227,220.47629726369632,470,1238.098386479185,0.001,1,dqn_epsilon_decay_low_seed1,0.05,100000,55.59293833449314
543,281.135735877136,220.82816269920804,222,877.625190044577,0.001,1,dqn_epsilon_decay_low_seed1,0.05,100000,93.44710576759195
544,316.4730732928234,224.6357653304668,241,188.74593983027944,0.001,1,dqn_epsilon_decay_low_seed1,0.05,100000,87.33000540329238
545,311.6296164702459,225.53115592788333,245,757.4653322840223,0.001,1,dqn_epsilon_decay_low_seed1,0.05,100000,87.86938655982583
546,22.4678939098863,220.8635535383876,135,178.67015976464307,0.001,1,dqn_epsilon_decay_low_seed1,0.05,100000,109.58225214199757
547,307.79880349745224,220.80666422304273,380,62.329193498272645,0.001,1,dqn_epsilon_decay_low_seed1,0.05,100000,77.72556229268224
548,-642.2217378672875,203.3114167390229,76,38.80819456828268,0.001,1,dqn_epsilon_decay_low_seed1,0.05,100000,254.22154184977214
549,327.0751177919929,205.49228681977922,179,81.57149207725205,0.001,1,dqn_epsilon_decay_low_seed1,0.05,100000,98.26767876568962
550,278.08020261867586,206.6746234787623,185,881.3677473345318,0.001,1,dqn_epsilon_decay_low_seed1,0.05,100000,88.01771606869168
551,271.7982793122262,206.87180940852053,281,599.7863608844764,0.001,1,dqn_epsilon_decay_low_seed1,0.05,100000,80.66742121950071
552,281.8293856124062,206.50765232199296,253,783.8274138972694,0.001,1,dqn_epsilon_decay_low_seed1,0.05,100000,84.5400411043919
553,240.39014452923524,207.00035905623542,208,29.197313284358152,0.001,1,dqn_epsilon_decay_low_seed1,0.05,100000,83.17931862266697
554,-135.98129300612868,199.48606534943744,95,1838.9380827150846,0.001,1,dqn_epsilon_decay_low_seed1,0.05,100000,58.21669958414656
555,-67.08419493921132,192.2992220763813,105,1747.724856821696,0.001,1,dqn_epsilon_decay_low_seed1,0.05,100000,131.12645005698155
556,-449.4096745905902,177.18086074052707,80,4505.161281673611,0.001,1,dqn_epsilon_decay_low_seed1,0.05,100000,161.1114603343763
557,294.2483290931972,177.71389779371057,206,103.87143128155505,0.001,1,dqn_epsilon_decay_low_seed1,0.05,100000,99.7177470157021
558,284.23715568664016,178.40876067253197,192,246.67717184778303,0.001,1,dqn_epsilon_decay_low_seed1,0.05,100000,100.69454776784761
559,26.859131364660215,173.47920530368782,118,238.10170857583063,0.001,1,dqn_epsilon_decay_low_seed1,0.05,100000,122.96855106688382
560,25.122566992727172,168.26253959851599,118,51.4509085169283,0.001,1,dqn_epsilon_decay_low_seed1,0.05,100000,114.28317348513983
561,311.9482606722796,169.19132152260434,253,133.44917292015356,0.001,1,dqn_epsilon_decay_low_seed1,0.05,100000,92.28191728351497
562,301.5417493268097,170.07058524353394,253,79.03651753386019,0.001,1,dqn_epsilon_decay_low_seed1,0.05,100000,89.94614459266347
563,295.1170688617953,170.68767507080503,218,888.5544397954001,0.001,1,dqn_epsilon_decay_low_seed1,0.05,100000,89.94677003824486
564,286.7320230930717,170.16092393081234,227,1147.2644025074228,0.001,1,dqn_epsilon_decay_low_seed1,0.05,100000,87.06358328612718
565,258.8605744704893,169.2583159680495,256,194.96895754081197,0.001,1,dqn_epsilon_decay_low_seed1,0.05,100000,84.34855030428979
566,-769.3719534432387,151.51491893008293,81,317.91070990797914,0.001,1,dqn_epsilon_decay_low_seed1,0.05,100000,225.4036518351237
567,-536.7252371186103,135.85116698896272,75,37.5615384721756,0.001,1,dqn_epsilon_decay_low_seed1,0.05,100000,145.18767444507495
568,287.9708872584159,136.79620402811318,210,606.3582061804476,0.001,1,dqn_epsilon_decay_low_seed1,0.05,100000,90.89683062487309
569,261.3285194882187,137.14923524231057,280,701.176546644313,0.001,1,dqn_epsilon_decay_low_seed1,0.05,100000,77.04196511453657
570,318.51527624049623,138.73508873076628,324,989.7586363114325,0.001,1,dqn_epsilon_decay_low_seed1,0.05,100000,78.91894954693741
571,290.0129357732422,138.40348385330054,202,59.36420476908731,0.001,1,dqn_epsilon_decay_low_seed1,0.05,100000,98.36792423850612
572,294.0527855383411,139.10722724607504,190,1201.3586318229375,0.001,1,dqn_epsilon_decay_low_seed1,0.05,100000,100.2024627812001
573,-422.57190848415144,124.92046726146786,95,110.63524906007868,0.001,1,dqn_epsilon_decay_low_seed1,0.05,100000,219.30242205680685
574,285.1094451123546,129.56545876695785,302,1099.2706473367105,0.001,1,dqn_epsilon_decay_low_seed1,0.05,100000,86.99492693933948
575,255.89608735680977,135.05903318051293,252,296.39607151443994,0.001,1,dqn_epsilon_decay_low_seed1,0.05,100000,86.00466997195512
576,253.9751874251978,134.91358255223807,208,52.25297124913106,0.001,1,dqn_epsilon_decay_low_seed1,0.05,100000,86.49885091537084
577,294.29907573818934,135.31544414677745,197,1118.354420223817,0.001,1,dqn_epsilon_decay_low_seed1,0.05,100000,92.49455546307307
578,-697.9015112969328,115.77780351508413,83,24.765888971018505,0.001,1,dqn_epsilon_decay_low_seed1,0.05,100000,201.0808074951172
579,251.31389650597995,115.04144101414522,441,581.2500183482289,0.001,1,dqn_epsilon_decay_low_seed1,0.05,100000,72.08414328040146
580,256.6124885152291,118.96960438171793,238,551.6246250088976,0.001,1,dqn_epsilon_decay_low_seed1,0.05,100000,85.86374031300107
581,272.9245734934806,119.07881305508822,248,54.30931361908874,0.001,1,dqn_epsilon_decay_low_seed1,0.05,100000,95.79035563428863
582,238.5734120606348,117.63557235614573,188,990.4226771447253,0.001,1,dqn_epsilon_decay_low_seed1,0.05,100000,90.12820667690701
583,208.6245840233576,116.85076500593978,458,985.2312765346604,0.001,1,dqn_epsilon_decay_low_seed1,0.05,100000,80.30403688218858
584,253.91398434394034,116.416320406526,200,561.3652230158448,0.001,1,dqn_epsilon_decay_low_seed1,0.05,100000,84.85357298674407
585,297.3432177820456,116.31521883040521,271,1103.579300523684,0.001,1,dqn_epsilon_decay_low_seed1,0.05,100000,90.87388081848621
586,229.79099839714786,115.01668413993612,463,180.18711538410085,0.001,1,dqn_epsilon_decay_low_seed1,0.05,100000,63.122598669502175
587,299.1923687218563,116.12700382597224,337,564.6124781826484,0.001,1,dqn_epsilon_decay_low_seed1,0.05,100000,87.13394994584341
588,267.46725035960105,115.95878328054948,249,361.7894881889523,0.001,1,dqn_epsilon_decay_low_seed1,0.05,100000,86.92033921877542
589,264.815282251697,136.53574114451985,229,125.49375785750593,0.001,1,dqn_epsilon_decay_low_seed1,0.05,100000,93.17477097622184
590,226.62164168583058,136.88146325168623,208,20.522740355191324,0.001,1,dqn_epsilon_decay_low_seed1,0.05,100000,85.49074030157381
591,252.95346611773036,141.99555475129998,894,563.0089971407148,0.001,1,dqn_epsilon_decay_low_seed1,0.05,100000,45.95484532725136
592,300.9347293970214,143.28639390628834,320,67.6465822039172,0.001,1,dqn_epsilon_decay_low_seed1,0.05,100000,94.92154252568749
593,270.6346477285776,143.07637214331717,222,380.9615730525137,0.001,1,dqn_epsilon_decay_low_seed1,0.05,100000,89.41674572885321
594,281.3567040665989,142.3740447587927,288,723.7552481581354,0.001,1,dqn_epsilon_decay_low_seed1,0.05,100000,91.56974854613796
595,228.54347089250246,140.71232184723783,406,2518.177853827406,0.001,1,dqn_epsilon_decay_low_seed1,0.05,100000,72.2296180823924
596,254.14224740532097,145.3458089171465,264,119.8966839532509,0.001,1,dqn_epsilon_decay_low_seed1,0.05,100000,85.58492094325268
597,228.57581793864486,143.76134920597033,192,58.76450506784022,0.001,1,dqn_epsilon_decay_low_seed1,0.05,100000,91.33387656833814
598,248.66299929849868,161.5790439492861,208,447.0676887502464,0.001,1,dqn_epsilon_decay_low_seed1,0.05,100000,78.21408078150095
599,241.58667757026166,159.86927514485146,626,783.0899026082537,0.001,1,dqn_epsilon_decay_low_seed1,0.05,100000,66.5452828583894
600,282.88823975967057,159.96543588767136,261,1040.7239503899298,0.001,1,dqn_epsilon_decay_low_seed1,0.05,100000,84.79308148515904
