episode,total_reward,moving_avg_reward,episode_length,loss,learning_rate,seed,exp_name,epsilon,buffer_size,mean_q
1,-100.5340563809809,-100.5340563809809,90,0.0,0.001,1,dqn_epsilon_decay_high_seed1,0.999,90,0.0
2,-267.6832331306823,-184.10864475583162,93,0.0,0.001,1,dqn_epsilon_decay_high_seed1,0.998001,183,0.0
3,-300.60458885089656,-222.94062612085327,109,0.0,0.001,1,dqn_epsilon_decay_high_seed1,0.997002999,292,0.0
4,-271.76296932501054,-235.1462119218926,124,0.0,0.001,1,dqn_epsilon_decay_high_seed1,0.996005996001,416,0.0
5,-249.102077472747,-237.93738503206345,106,0.0,0.001,1,dqn_epsilon_decay_high_seed1,0.995009990004999,522,0.13537254929542542
6,-96.2129067258746,-214.31663864769862,78,0.0,0.001,1,dqn_epsilon_decay_high_seed1,0.994014980014994,600,0.0
7,-225.5059913158388,-215.9151176002901,68,0.0,0.001,1,dqn_epsilon_decay_high_seed1,0.993020965034979,668,0.0
8,-365.19319914466865,-234.5748777933374,91,0.0,0.001,1,dqn_epsilon_decay_high_seed1,0.9920279440699441,759,0.0
9,-129.4178082797497,-222.89075895849433,109,0.0,0.001,1,dqn_epsilon_decay_high_seed1,0.9910359161258742,868,0.0
10,-235.0686226426981,-224.10854532691474,86,0.0,0.001,1,dqn_epsilon_decay_high_seed1,0.9900448802097482,954,0.07368743047118187
11,-212.3319121327042,-223.03794230925922,74,0.0,0.001,1,dqn_epsilon_decay_high_seed1,0.9890548353295385,1028,0.058831676840782166
12,-219.22776623144188,-222.72042763610776,76,0.0,0.001,1,dqn_epsilon_decay_high_seed1,0.988065780494209,1104,0.0
13,-140.67271055499785,-216.4090647837147,113,0.0,0.001,1,dqn_epsilon_decay_high_seed1,0.9870777147137147,1217,0.10096902151902516
14,-136.77354118672702,-210.7208130982156,123,0.0,0.001,1,dqn_epsilon_decay_high_seed1,0.986090636999001,1340,0.08000527322292328
15,-255.31184296769632,-213.69354842284764,102,0.0,0.001,1,dqn_epsilon_decay_high_seed1,0.9851045463620021,1442,0.10315712168812752
16,-216.52012379337566,-213.87020938350565,136,0.0,0.001,1,dqn_epsilon_decay_high_seed1,0.98411944181564,1578,0.07657714188098907
17,-394.2505619383469,-224.48081835731983,100,0.0,0.001,1,dqn_epsilon_decay_high_seed1,0.9831353223738244,1678,0.04354245960712433
18,-123.57674515701915,-218.87503651285869,86,0.0,0.001,1,dqn_epsilon_decay_high_seed1,0.9821521870514506,1764,0.0563279464840889
19,-233.45264999853532,-219.6422793278943,76,0.0,0.001,1,dqn_epsilon_decay_high_seed1,0.9811700348643991,1840,0.0
20,38.134070606330084,-206.75346183118307,74,0.0,0.001,1,dqn_epsilon_decay_high_seed1,0.9801888648295347,1914,0.06622941046953201
21,-76.59032745028793,-200.55521733685475,86,108.42366790771484,0.001,1,dqn_epsilon_decay_high_seed1,0.9792086759647052,2000,0.06414724886417389
22,-304.4848689185908,-205.27929240875184,87,136.24126583406294,0.001,1,dqn_epsilon_decay_high_seed1,0.9782294672887405,2087,-0.5222852826118469
23,-140.10289382324828,-202.44553594851257,56,130.07457679510117,0.001,1,dqn_epsilon_decay_high_seed1,0.9772512378214517,2143,-1.1875022649765015
24,-202.6013634141909,-202.4520287595825,126,106.18423698818873,0.001,1,dqn_epsilon_decay_high_seed1,0.9762739865836303,2269,-0.10146429762244225
25,-156.41406755122705,-200.61051031124828,89,84.7007458986861,0.001,1,dqn_epsilon_decay_high_seed1,0.9752977125970467,2358,-2.4154739379882812
26,-373.12573140722236,-207.24571112263192,99,86.63701386644382,0.001,1,dqn_epsilon_decay_high_seed1,0.9743224148844496,2457,-2.138892412185669
27,-272.1212122010897,-209.64850745887108,61,76.0689887218788,0.001,1,dqn_epsilon_decay_high_seed1,0.9733480924695651,2518,0.0
28,-163.36421612541943,-207.99549705410496,100,55.007210841178896,0.001,1,dqn_epsilon_decay_high_seed1,0.9723747443770956,2618,0.0
29,-175.65754645111053,-206.8803953091741,72,68.1126403576798,0.001,1,dqn_epsilon_decay_high_seed1,0.9714023696327185,2690,-0.2178480550646782
30,-73.904888218769,-202.4478784061606,75,65.58499265670777,0.001,1,dqn_epsilon_decay_high_seed1,0.9704309672630859,2765,4.271062692006429
31,-76.97124732229364,-198.4002451453907,133,47.41912529432684,0.001,1,dqn_epsilon_decay_high_seed1,0.9694605362958227,2898,4.694147666295369
32,-132.4568087907772,-196.33951275930903,69,57.24365876723027,0.001,1,dqn_epsilon_decay_high_seed1,0.9684910757595269,2967,0.0
33,-146.28349250173312,-194.8226636605946,77,49.91705031828447,0.001,1,dqn_epsilon_decay_high_seed1,0.9675225846837673,3044,0.7201585939952305
34,-104.9972153889306,-192.180738711428,76,46.019463203455274,0.001,1,dqn_epsilon_decay_high_seed1,0.9665550620990835,3120,-0.0903000036875407
35,-101.96035450231625,-189.60301344831055,139,47.3370710842901,0.001,1,dqn_epsilon_decay_high_seed1,0.9655885070369844,3259,1.3027454257011413
36,-108.78141682990183,-187.35796909779918,73,45.669410294049406,0.001,1,dqn_epsilon_decay_high_seed1,0.9646229185299474,3332,-21.53801383972168
37,-173.3161463723951,-186.97846037549098,101,46.941305174685944,0.001,1,dqn_epsilon_decay_high_seed1,0.9636582956114175,3433,3.3490905265013375
38,-115.08254632642894,-185.08646263735778,66,41.29189050016981,0.001,1,dqn_epsilon_decay_high_seed1,0.9626946373158061,3499,15.32712459564209
39,-80.81934534691845,-182.4129468093978,65,47.746931292460516,0.001,1,dqn_epsilon_decay_high_seed1,0.9617319426784903,3564,17.23182773590088
40,-219.9786532219302,-183.3520894697111,92,40.65497467828833,0.001,1,dqn_epsilon_decay_high_seed1,0.9607702107358118,3656,-2.415858507156372
41,-191.9866495266477,-183.56268849549005,117,47.4191397581345,0.001,1,dqn_epsilon_decay_high_seed1,0.959809440525076,3773,-8.845804595947266
42,-235.8299044431664,-184.80714601805377,80,38.55292759537697,0.001,1,dqn_epsilon_decay_high_seed1,0.9588496310845509,3853,-18.654371231794357
43,-141.4373090392019,-183.79854515808046,125,41.65981459903717,0.001,1,dqn_epsilon_decay_high_seed1,0.9578907814534664,3978,9.718499493598937
44,-289.8340815176762,-186.20844371170767,89,36.95472215802482,0.001,1,dqn_epsilon_decay_high_seed1,0.9569328906720129,4067,-0.8240907192230225
45,-23.85859405481463,-182.60066927488782,64,41.996421325951815,0.001,1,dqn_epsilon_decay_high_seed1,0.9559759577813409,4131,14.208818674087524
46,-19.243306096412567,-179.0494222492688,150,37.85686306476593,0.001,1,dqn_epsilon_decay_high_seed1,0.9550199818235596,4281,-0.2184530794620514
47,-85.0724887324555,-177.0499130255068,86,35.519819620043734,0.001,1,dqn_epsilon_decay_high_seed1,0.9540649618417361,4367,8.01086163520813
48,-304.607758788521,-179.7073681455696,92,38.63593067552733,0.001,1,dqn_epsilon_decay_high_seed1,0.9531108968798944,4459,-18.087377707163494
49,-150.38078051713583,-179.10886635723423,63,33.632356757209415,0.001,1,dqn_epsilon_decay_high_seed1,0.9521577859830145,4522,1.974132776260376
50,-129.05745625945318,-178.1078381552786,102,36.65280931486803,0.001,1,dqn_epsilon_decay_high_seed1,0.9512056281970315,4624,5.254533926645915
51,-62.92803453402537,-177.35571771833946,71,28.80915393124164,0.001,1,dqn_epsilon_decay_high_seed1,0.9502544225688344,4695,15.375437915325165
52,-113.7487823841901,-174.2770287034096,102,37.28139637615166,0.001,1,dqn_epsilon_decay_high_seed1,0.9493041681462656,4797,7.456593195597331
53,-231.40834717255197,-172.89310386984272,75,33.6593900458018,0.001,1,dqn_epsilon_decay_high_seed1,0.9483548639781193,4872,12.377019882202148
54,-266.11106104260125,-172.78006570419456,91,30.879719229844902,0.001,1,dqn_epsilon_decay_high_seed1,0.9474065091141411,4963,3.5161558389663696
55,-134.85932269395866,-170.4952106086188,65,38.71206234785227,0.001,1,dqn_epsilon_decay_high_seed1,0.946459102605027,5028,-0.2390522003173828
56,-195.08403978017253,-172.47263326970474,123,37.1552136690636,0.001,1,dqn_epsilon_decay_high_seed1,0.9455126435024219,5151,3.152221305029733
57,-214.19632354678265,-172.2464399143236,83,37.50028255474137,0.001,1,dqn_epsilon_decay_high_seed1,0.9445671308589195,5234,-11.553013503551483
58,-119.4411269952335,-167.3313984713349,91,27.017863595878683,0.001,1,dqn_epsilon_decay_high_seed1,0.9436225637280606,5325,3.896226406097412
59,-107.05110168027605,-166.88406433934543,111,25.07660240525598,0.001,1,dqn_epsilon_decay_high_seed1,0.9426789411643326,5436,11.450679500897726
60,-272.89364185072577,-167.64056472350595,91,39.838925835850475,0.001,1,dqn_epsilon_decay_high_seed1,0.9417362622231683,5527,-3.30538170337677
61,-104.69256319867016,-165.48777774482525,82,38.74639792849378,0.001,1,dqn_epsilon_decay_high_seed1,0.9407945259609451,5609,14.913451194763184
62,-93.68029690927595,-162.97682835838197,86,34.7495421670204,0.001,1,dqn_epsilon_decay_high_seed1,0.9398537314349842,5695,17.315184235572815
63,-170.10578195077412,-163.56548978629746,66,41.52244868422999,0.001,1,dqn_epsilon_decay_high_seed1,0.9389138777035492,5761,5.0014000336329145
64,-166.34394258480285,-164.156897814259,99,40.218146892509075,0.001,1,dqn_epsilon_decay_high_seed1,0.9379749638258457,5860,6.6857335567474365
65,-251.39413869883847,-164.0785437288818,112,36.48961911563362,0.001,1,dqn_epsilon_decay_high_seed1,0.9370369888620198,5972,-5.616294991970062
66,-223.74946259622934,-164.2231305049389,127,40.56022467575674,0.001,1,dqn_epsilon_decay_high_seed1,0.9360999518731578,6099,5.880423265695572
67,-114.64635231926144,-158.6310463125572,80,35.88951711058617,0.001,1,dqn_epsilon_decay_high_seed1,0.9351638519212846,6179,-2.3352410793304443
68,-208.0297807959085,-160.32010702533498,97,38.263609555578725,0.001,1,dqn_epsilon_decay_high_seed1,0.9342286880693633,6276,1.8683270931243896
69,-81.23594729825726,-157.27577297132942,63,36.31104311488924,0.001,1,dqn_epsilon_decay_high_seed1,0.933294459381294,6339,31.306507110595703
70,-114.97949105522018,-160.33804420456042,107,37.1165937686635,0.001,1,dqn_epsilon_decay_high_seed1,0.9323611649219127,6446,8.244875621795654
71,-121.1192849494393,-161.22862335454346,98,42.44896269574457,0.001,1,dqn_epsilon_decay_high_seed1,0.9314288037569908,6544,-8.819451498985291
72,-209.32794499985914,-159.3254848761688,132,37.59186750469786,0.001,1,dqn_epsilon_decay_high_seed1,0.9304973749532338,6676,-9.446651363372803
73,-171.75581768890882,-159.958543353482,131,35.06421987701008,0.001,1,dqn_epsilon_decay_high_seed1,0.9295668775782806,6807,-26.83772954940796
74,-84.18202017176394,-157.59015648863348,71,31.175463515268245,0.001,1,dqn_epsilon_decay_high_seed1,0.9286373107007023,6878,9.961105823516846
75,-97.5646160790063,-156.41316745918905,74,35.90184421474869,0.001,1,dqn_epsilon_decay_high_seed1,0.9277086733900016,6952,25.123556327819824
76,-138.27882582862304,-151.7162293476171,71,26.018994279310736,0.001,1,dqn_epsilon_decay_high_seed1,0.9267809647166116,7023,19.254321575164795
77,-94.53186680941894,-148.16444243978367,124,26.960452910392515,0.001,1,dqn_epsilon_decay_high_seed1,0.925854183751895,7147,23.28944471147325
78,-167.9797521201801,-148.25675315967888,55,32.08894091085954,0.001,1,dqn_epsilon_decay_high_seed1,0.9249283295681431,7202,-14.3324951171875
79,14.18417806594232,-144.4599186693378,100,33.90726599574089,0.001,1,dqn_epsilon_decay_high_seed1,0.9240034012385749,7302,13.24772236082289
80,-103.04742036176019,-145.04276931219766,175,30.786248648507254,0.001,1,dqn_epsilon_decay_high_seed1,0.9230793978373364,7477,7.8283171912034355
81,-97.00526241324475,-145.44344961401669,57,41.10780939302946,0.001,1,dqn_epsilon_decay_high_seed1,0.9221563184394991,7534,20.222253799438477
82,-119.14761149518009,-145.17726566810475,101,33.431092035652384,0.001,1,dqn_epsilon_decay_high_seed1,0.9212341621210596,7635,2.5702059268951416
83,-108.6038320205006,-144.4236724584801,74,35.69654966045071,0.001,1,dqn_epsilon_decay_high_seed1,0.9203129279589385,7709,24.016104062398274
84,-174.63675926256604,-145.81646333595282,127,33.62581020077383,0.001,1,dqn_epsilon_decay_high_seed1,0.9193926150309796,7836,24.065597343444825
85,-97.38762368852919,-145.72500871967705,78,33.02659566127337,0.001,1,dqn_epsilon_decay_high_seed1,0.9184732224159486,7914,-0.5467344522476196
86,-92.2528680327012,-145.39443774373302,60,32.99676772753398,0.001,1,dqn_epsilon_decay_high_seed1,0.9175547491935327,7974,-3.0252695083618164
87,-70.13457432455067,-143.33080630277615,80,35.12514481842518,0.001,1,dqn_epsilon_decay_high_seed1,0.9166371944443392,8054,6.281895637512207
88,-98.03355636725095,-142.98982650359258,76,29.822475593341025,0.001,1,dqn_epsilon_decay_high_seed1,0.9157205572498949,8130,-6.045328736305237
89,-138.55299858735162,-144.14449956840127,98,26.760286174258407,0.001,1,dqn_epsilon_decay_high_seed1,0.914804836692645,8228,2.0564846140997752
90,-120.03112660458855,-142.1455490360544,86,31.15580799690513,0.001,1,dqn_epsilon_decay_high_seed1,0.9138900318559524,8314,22.55340325832367
91,-119.52735269199721,-140.69636309936143,90,31.497159221437244,0.001,1,dqn_epsilon_decay_high_seed1,0.9129761418240965,8404,23.027749061584473
92,-188.7830225427615,-139.7554254613533,94,31.33117926120758,0.001,1,dqn_epsilon_decay_high_seed1,0.9120631656822724,8498,1.873023119839755
93,-135.15951295674847,-139.62986953970426,75,41.17287993272146,0.001,1,dqn_epsilon_decay_high_seed1,0.9111511025165902,8573,15.026099920272827
94,-237.92193807918596,-138.59162667093446,98,35.54594084559655,0.001,1,dqn_epsilon_decay_high_seed1,0.9102399514140735,8671,0.631267961114645
95,-82.338418428621,-139.7612231584106,81,30.878196834046165,0.001,1,dqn_epsilon_decay_high_seed1,0.9093297114626595,8752,11.342414474487304
96,-93.25934468054143,-141.24154393009314,126,33.71263335148493,0.001,1,dqn_epsilon_decay_high_seed1,0.9084203817511969,8878,14.517686020244252
97,-83.59073143567701,-141.21190878415757,90,33.49542239507039,0.001,1,dqn_epsilon_decay_high_seed1,0.9075119613694457,8968,16.59446276151217
98,-75.01379859292109,-136.62002958024559,100,32.40422465085983,0.001,1,dqn_epsilon_decay_high_seed1,0.9066044494080763,9068,24.774449729919432
99,-83.34322101329003,-135.27927839016866,108,24.948229762139142,0.001,1,dqn_epsilon_decay_high_seed1,0.9056978449586682,9176,32.95621219006452
100,-42.246966802092146,-133.54306860102145,71,24.12483924207553,0.001,1,dqn_epsilon_decay_high_seed1,0.9047921471137096,9247,42.99717307090759
101,-101.51014022234104,-134.31471071478776,99,31.042650116814507,0.001,1,dqn_epsilon_decay_high_seed1,0.9038873549665959,9346,34.80394220352173
102,-54.225896195990714,-133.12425299102378,121,34.76944643800909,0.001,1,dqn_epsilon_decay_high_seed1,0.9029834676116293,9467,8.785350058759962
103,-95.49222285544448,-130.40593050468158,116,24.702919158442267,0.001,1,dqn_epsilon_decay_high_seed1,0.9020804841440176,9583,30.14393527507782
104,-58.09622431526243,-126.24563377013483,89,25.37407824162687,0.001,1,dqn_epsilon_decay_high_seed1,0.9011784036598737,9672,-7.210031933254665
105,-79.83464461644753,-125.14514020858459,70,31.243933173588346,0.001,1,dqn_epsilon_decay_high_seed1,0.9002772252562138,9742,51.94805254255022
106,-62.440832054812525,-122.49227605407741,74,30.578851222991943,0.001,1,dqn_epsilon_decay_high_seed1,0.8993769480309576,9816,21.229708535330637
107,-86.92393956950727,-119.94682837453192,64,27.42749198526144,0.001,1,dqn_epsilon_decay_high_seed1,0.8984775710829266,9880,28.151777267456055
108,-112.95393295687573,-119.8170844937648,93,23.413158093729326,0.001,1,dqn_epsilon_decay_high_seed1,0.8975790935118436,9973,15.9910036722819
109,-321.79885080775523,-124.11203947631437,81,26.662845897085873,0.001,1,dqn_epsilon_decay_high_seed1,0.8966815144183318,10054,-23.102631727854412
110,-89.26582568387444,-120.43948315297733,85,19.469263346054976,0.001,1,dqn_epsilon_decay_high_seed1,0.8957848329039134,10139,17.363245582580568
111,-263.6110655254744,-123.61785319951343,94,27.20500834191099,0.001,1,dqn_epsilon_decay_high_seed1,0.8948890480710096,10233,-8.833842307329178
112,-86.35503380662503,-123.47134793746041,70,27.499348487172806,0.001,1,dqn_epsilon_decay_high_seed1,0.8939941590229386,10303,34.05000803205702
113,-61.51851941590512,-121.29960268676302,68,22.86514090790468,0.001,1,dqn_epsilon_decay_high_seed1,0.8931001648639156,10371,44.27405967712402
114,-71.27222093450433,-119.39816825375709,75,37.67220962524414,0.001,1,dqn_epsilon_decay_high_seed1,0.8922070646990518,10446,57.270802688598636
115,-150.3346462998337,-117.37697840577697,134,29.334374128882565,0.001,1,dqn_epsilon_decay_high_seed1,0.8913148576343527,10580,28.91862424214681
116,-138.28567764266103,-115.6677027067056,114,25.912912211920087,0.001,1,dqn_epsilon_decay_high_seed1,0.8904235427767183,10694,13.780675683702741
117,-72.36326145799885,-114.82204088948036,91,28.63910952767173,0.001,1,dqn_epsilon_decay_high_seed1,0.8895331192339416,10785,47.52394223213196
118,-140.85801402939217,-113.47860555415002,91,28.998223949264695,0.001,1,dqn_epsilon_decay_high_seed1,0.8886435861147077,10876,25.281797218322755
119,-82.50385831950216,-113.50396377457491,80,19.648670595884322,0.001,1,dqn_epsilon_decay_high_seed1,0.887754942528593,10956,20.96745675802231
120,-117.62875730931054,-113.5569490996567,92,25.664989157863285,0.001,1,dqn_epsilon_decay_high_seed1,0.8868671875860644,11048,9.061214844385782
121,-110.87770254133196,-113.35211745149456,66,33.01672424330856,0.001,1,dqn_epsilon_decay_high_seed1,0.8859803203984784,11114,51.41020965576172
122,-66.14456387174104,-110.48844982893219,67,32.43440422371252,0.001,1,dqn_epsilon_decay_high_seed1,0.88509434007808,11181,44.48436654697765
123,-137.52915859658117,-109.80391664708564,79,30.30224190029917,0.001,1,dqn_epsilon_decay_high_seed1,0.8842092457380019,11260,-16.96944103240967
124,-89.82600781862297,-109.91679640002283,142,26.059398547024795,0.001,1,dqn_epsilon_decay_high_seed1,0.8833250364922639,11402,-1.0934409073420934
125,-103.34453004240002,-110.0323946792907,92,25.059941609268602,0.001,1,dqn_epsilon_decay_high_seed1,0.8824417114557717,11494,17.560487270355225
126,-135.24776272710199,-109.97177341726028,91,24.6538705603107,0.001,1,dqn_epsilon_decay_high_seed1,0.8815592697443159,11585,-20.481235725539072
127,-135.08404906647485,-110.7828170624014,95,26.078085719911677,0.001,1,dqn_epsilon_decay_high_seed1,0.8806777104745716,11680,50.05660400390625
128,-77.99006173699168,-108.98302325473763,105,25.22309086209252,0.001,1,dqn_epsilon_decay_high_seed1,0.8797970327640969,11785,3.5280511180559793
129,-82.76792231787414,-110.92206526241397,75,26.981119232177733,0.001,1,dqn_epsilon_decay_high_seed1,0.8789172357313328,11860,39.020061302185056
130,-96.92118465434865,-110.79954054826574,68,23.102501157452078,0.001,1,dqn_epsilon_decay_high_seed1,0.8780383184956015,11928,28.98882548014323
131,-69.87260451342156,-110.25688739026927,132,23.43912611946915,0.001,1,dqn_epsilon_decay_high_seed1,0.8771602801771059,12060,12.527425629752022
132,-115.18416586427833,-110.17761847765125,97,30.28958750385599,0.001,1,dqn_epsilon_decay_high_seed1,0.8762831198969288,12157,17.41714879444667
133,-91.2466778342948,-109.83047539392713,80,25.635836181044578,0.001,1,dqn_epsilon_decay_high_seed1,0.8754068367770318,12237,35.22486874035427
134,-123.20286423301899,-108.8017974933362,109,27.08047083102235,0.001,1,dqn_epsilon_decay_high_seed1,0.8745314299402548,12346,28.89627695083618
135,-173.86363773311518,-110.33131777422788,106,23.44033402316975,0.001,1,dqn_epsilon_decay_high_seed1,0.8736568985103146,12452,0.19771366852980393
136,-90.61744401239582,-110.29860929382177,93,24.37056836133362,0.001,1,dqn_epsilon_decay_high_seed1,0.8727832416118043,12545,21.232737404959543
137,-118.22112675391037,-111.26034034240897,82,22.503364940968954,0.001,1,dqn_epsilon_decay_high_seed1,0.8719104583701925,12627,26.587615966796875
138,-213.14253362296665,-113.56251988752328,129,24.95930943563003,0.001,1,dqn_epsilon_decay_high_seed1,0.8710385479118223,12756,35.446761403764995
139,-7.011902473785497,-110.93169796525196,95,23.088015132201345,0.001,1,dqn_epsilon_decay_high_seed1,0.8701675093639105,12851,18.91608682800742
140,-105.55463041929495,-110.64216804154609,114,26.527578565112332,0.001,1,dqn_epsilon_decay_high_seed1,0.8692973418545467,12965,20.576319813728333
141,-104.64973838221519,-110.34461575535045,116,18.954937631713932,0.001,1,dqn_epsilon_decay_high_seed1,0.8684280445126921,13081,10.000904003779093
142,-120.88139187021108,-108.98658314189944,128,22.289051605388522,0.001,1,dqn_epsilon_decay_high_seed1,0.8675596164681794,13209,26.37170093199786
143,-100.20422376019394,-108.28747735796834,67,22.725177679488908,0.001,1,dqn_epsilon_decay_high_seed1,0.8666920568517111,13276,34.063094002859934
144,-135.19168555475002,-106.23287230747961,114,22.86637831152531,0.001,1,dqn_epsilon_decay_high_seed1,0.8658253647948594,13390,18.422321694237844
145,-117.89069812585507,-106.9439179014243,94,23.363510030381224,0.001,1,dqn_epsilon_decay_high_seed1,0.8649595394300645,13484,-16.39713040192922
146,-195.07021202424914,-108.98013524829847,54,21.14653535242434,0.001,1,dqn_epsilon_decay_high_seed1,0.8640945798906344,13538,-21.8417387008667
147,-217.3134979579237,-111.6545905787434,68,24.270955110297482,0.001,1,dqn_epsilon_decay_high_seed1,0.8632304853107438,13606,-1.578778076171875
148,-102.42161936480818,-112.20274699418114,90,29.63614730305142,0.001,1,dqn_epsilon_decay_high_seed1,0.862367254825433,13696,25.02912644778981
149,-222.841574590015,-114.99271406571563,106,27.483151179439616,0.001,1,dqn_epsilon_decay_high_seed1,0.8615048875706075,13802,-3.0579346743496982
150,-102.6613355999324,-116.20100144167243,85,24.692053571869344,0.001,1,dqn_epsilon_decay_high_seed1,0.8606433826830369,13887,43.81671969220042
151,-131.9810895701861,-116.81042042862933,117,23.197028772443787,0.001,1,dqn_epsilon_decay_high_seed1,0.8597827393003539,14004,28.26976455960955
152,-149.87669762253,-118.72343645716012,117,25.482237854574482,0.001,1,dqn_epsilon_decay_high_seed1,0.8589229565610536,14121,16.672114419937134
153,-155.2815013739625,-119.91922202753048,74,18.587715570991104,0.001,1,dqn_epsilon_decay_high_seed1,0.8580640336044925,14195,46.08677368164062
154,-89.66849415172375,-120.55066742425971,70,28.571723811967033,0.001,1,dqn_epsilon_decay_high_seed1,0.857205969570888,14265,3.2285774019029407
155,-103.13846990759379,-121.01674393008263,138,26.089670535446942,0.001,1,dqn_epsilon_decay_high_seed1,0.8563487636013172,14403,-12.675539546542698
156,-65.90366075697138,-121.08600050412582,122,30.36612923321177,0.001,1,dqn_epsilon_decay_high_seed1,0.8554924148377159,14525,50.761387416294646
157,-39.21624636262703,-120.13184663998824,64,31.697069238871336,0.001,1,dqn_epsilon_decay_high_seed1,0.8546369224228781,14589,51.56127028031783
158,-91.39129912213568,-119.70059396329343,101,21.45067612723549,0.001,1,dqn_epsilon_decay_high_seed1,0.8537822855004553,14690,32.547051296514624
159,-79.1721740889198,-114.84806042891674,100,27.023226659297944,0.001,1,dqn_epsilon_decay_high_seed1,0.8529285032149548,14790,33.58425626754761
160,-98.43737797039985,-115.03149147464724,91,23.50009891096052,0.001,1,dqn_epsilon_decay_high_seed1,0.8520755747117399,14881,29.443342235955324
161,-151.11319347230588,-112.78153403358388,128,26.105561750009656,0.001,1,dqn_epsilon_decay_high_seed1,0.8512234991370281,15009,5.641161092122396
162,-119.65807409385364,-113.44759483932845,84,26.839728942939214,0.001,1,dqn_epsilon_decay_high_seed1,0.8503722756378911,15093,43.79231510162354
163,-155.81625749394,-115.33354960088914,113,25.376689526887066,0.001,1,dqn_epsilon_decay_high_seed1,0.8495219033622532,15206,33.8547857375372
164,-93.35773194152384,-115.77525982102954,95,29.152643438389426,0.001,1,dqn_epsilon_decay_high_seed1,0.8486723814588909,15301,35.913269315447124
165,-128.1669244477288,-115.33190538398743,96,27.14034552127123,0.001,1,dqn_epsilon_decay_high_seed1,0.847823709077432,15397,37.486849333110605
166,-83.65412390406259,-114.23927430921547,72,21.64159916672442,0.001,1,dqn_epsilon_decay_high_seed1,0.8469758853683546,15469,17.69126456124442
167,-122.65463292841838,-115.24510173862387,74,24.54151231211585,0.001,1,dqn_epsilon_decay_high_seed1,0.8461289094829862,15543,5.914990152631487
168,-92.39798055863648,-114.27590106920876,94,21.650703508803186,0.001,1,dqn_epsilon_decay_high_seed1,0.8452827805735033,15637,41.433451764723834
169,-93.9953884166291,-114.5057316711513,75,14.620315243403116,0.001,1,dqn_epsilon_decay_high_seed1,0.8444374977929298,15712,54.68348651462131
170,-31.855757624962777,-112.79027167746433,90,26.559341997570463,0.001,1,dqn_epsilon_decay_high_seed1,0.8435930602951368,15802,45.28763370513916
171,-30.79138214766455,-111.18854526959099,85,23.963489681131698,0.001,1,dqn_epsilon_decay_high_seed1,0.8427494672348417,15887,36.61465672084263
172,-109.70757808705275,-112.05980555389723,68,29.505168248625363,0.001,1,dqn_epsilon_decay_high_seed1,0.8419067177676068,15955,33.39277275403341
173,-63.916129117107616,-110.58754496430774,88,20.492406847802076,0.001,1,dqn_epsilon_decay_high_seed1,0.8410648110498392,16043,25.339297167460124
174,-150.55025035787708,-111.80202981509282,126,23.858339321045648,0.001,1,dqn_epsilon_decay_high_seed1,0.8402237462387894,16169,21.987761306762696
175,-87.39044779614929,-111.4829481701678,76,38.1337194913312,0.001,1,dqn_epsilon_decay_high_seed1,0.8393835224925505,16245,25.4956326851478
176,-105.52366709612515,-110.88846625754825,77,25.459606443132675,0.001,1,dqn_epsilon_decay_high_seed1,0.838544138970058,16322,21.12716266087123
177,-48.42165928635875,-109.15521846194594,147,36.44247183345613,0.001,1,dqn_epsilon_decay_high_seed1,0.8377055948310879,16469,41.55383226701191
178,-106.61852004791294,-109.72778762816436,82,31.223643259304325,0.001,1,dqn_epsilon_decay_high_seed1,0.8368678892362568,16551,44.971530490451386
179,-67.93653298621663,-109.43115984153123,94,25.276776001808493,0.001,1,dqn_epsilon_decay_high_seed1,0.8360310213470206,16645,35.40772848862868
180,-78.49584589885976,-109.06265306642145,112,24.45935720205307,0.001,1,dqn_epsilon_decay_high_seed1,0.8351949903256736,16757,41.52945048700679
181,-138.7973709627189,-110.44114839540738,132,28.21519072669925,0.001,1,dqn_epsilon_decay_high_seed1,0.8343597953353479,16889,43.72577153081479
182,-177.14206147843635,-111.68030630769056,109,25.116602665787443,0.001,1,dqn_epsilon_decay_high_seed1,0.8335254355400126,16998,25.21333959698677
183,-86.88095748542605,-111.59299190071319,65,24.709197231439443,0.001,1,dqn_epsilon_decay_high_seed1,0.8326919101044725,17063,8.962959065156824
184,-71.11019505724326,-110.55113851719763,82,25.379336607165452,0.001,1,dqn_epsilon_decay_high_seed1,0.831859218194368,17145,34.891629836138556
185,-86.39479080070323,-108.80176157854937,91,28.8988381087125,0.001,1,dqn_epsilon_decay_high_seed1,0.8310273589761736,17236,53.38308334350586
186,32.77851856193263,-106.33384232706281,145,20.70990929768003,0.001,1,dqn_epsilon_decay_high_seed1,0.8301963316171974,17381,28.817578389094425
187,-74.81312154718198,-105.46568222292825,133,27.70222026333773,0.001,1,dqn_epsilon_decay_high_seed1,0.8293661352855802,17514,47.83853328227997
188,-97.04989897490432,-103.143829529967,114,23.595076046491926,0.001,1,dqn_epsilon_decay_high_seed1,0.8285367691502946,17628,26.92114037559146
189,-76.28025215977462,-104.52919652368679,129,28.481628569521646,0.001,1,dqn_epsilon_decay_high_seed1,0.8277082323811443,17757,48.44602272245619
190,-29.675349484500217,-103.0116109049909,136,24.3710895513787,0.001,1,dqn_epsilon_decay_high_seed1,0.8268805241487632,17893,37.13549634094896
191,-100.59338242276564,-102.93048378580191,65,30.040346948917094,0.001,1,dqn_epsilon_decay_high_seed1,0.8260536436246144,17958,30.76540965383703
192,-84.07864458249077,-102.19442884004751,94,23.155231090302163,0.001,1,dqn_epsilon_decay_high_seed1,0.8252275899809898,18052,33.875293254852295
193,-79.32673554419381,-101.77687907572754,112,38.13799109097038,0.001,1,dqn_epsilon_decay_high_seed1,0.8244023623910088,18164,47.51060086204892
194,-232.6194552168192,-103.72543446896893,97,31.2380050617395,0.001,1,dqn_epsilon_decay_high_seed1,0.8235779600286178,18261,-11.461041688919067
195,-105.13011858327181,-103.47022287811726,96,23.27284520616134,0.001,1,dqn_epsilon_decay_high_seed1,0.8227543820685892,18357,49.41825647354126
196,-100.29444057782887,-101.57470744918886,78,36.99719656277926,0.001,1,dqn_epsilon_decay_high_seed1,0.8219316276865206,18435,25.918046534061432
197,-115.5260469398292,-99.53895842882696,98,24.443239763074992,0.001,1,dqn_epsilon_decay_high_seed1,0.8211096960588341,18533,35.77450303470387
198,-149.83723453793806,-100.48727073228953,117,25.21034510115273,0.001,1,dqn_epsilon_decay_high_seed1,0.8202885863627752,18650,5.954543489217758
199,-129.7828051154951,-98.62609534279913,109,29.950358721094393,0.001,1,dqn_epsilon_decay_high_seed1,0.8194682977764125,18759,25.085342407226562
200,-70.99522672446736,-97.99277316528982,59,34.04342309095092,0.001,1,dqn_epsilon_decay_high_seed1,0.818648829478636,18818,31.401602872393347
201,-53.03113552243111,-96.41377408433473,85,31.39563049428603,0.001,1,dqn_epsilon_decay_high_seed1,0.8178301806491574,18903,43.56305826627291
202,-56.368929155948734,-94.5436187150031,120,26.899630836645763,0.001,1,dqn_epsilon_decay_high_seed1,0.8170123504685082,19023,37.36069381804693
203,-85.31905202617313,-93.14436972804731,71,30.397060673001786,0.001,1,dqn_epsilon_decay_high_seed1,0.8161953381180397,19094,54.40346470746127
204,-123.99306481680605,-93.83086114134898,103,22.097558947442806,0.001,1,dqn_epsilon_decay_high_seed1,0.8153791427799216,19197,36.23956952776228
205,-78.32685684078274,-93.33462888001273,65,32.288693318000206,0.001,1,dqn_epsilon_decay_high_seed1,0.8145637636371417,19262,17.25179387972905
206,-91.51001516955857,-93.8467559682645,106,28.685935186889935,0.001,1,dqn_epsilon_decay_high_seed1,0.8137491998735046,19368,57.29853838966007
207,-100.90700111226602,-95.08057106325728,70,31.131161328724453,0.001,1,dqn_epsilon_decay_high_seed1,0.812935450673631,19438,32.23240613937378
208,-109.44879130824819,-95.44172090697951,80,28.412320517003536,0.001,1,dqn_epsilon_decay_high_seed1,0.8121225152229574,19518,35.45992022439053
209,-150.65563562518037,-96.87139013770475,110,33.978583572127604,0.001,1,dqn_epsilon_decay_high_seed1,0.8113103927077344,19628,35.11497984761777
210,-88.65587507266557,-96.67576007975005,91,24.918631101702594,0.001,1,dqn_epsilon_decay_high_seed1,0.8104990823150267,19719,58.14068779192473
211,-132.35726365174025,-96.30064148333874,93,38.924580180516806,0.001,1,dqn_epsilon_decay_high_seed1,0.8096885832327116,19812,34.96206719534738
212,-89.37483205204461,-95.69497664250255,93,23.121847203982774,0.001,1,dqn_epsilon_decay_high_seed1,0.8088788946494789,19905,61.15468652431782
213,-143.75320026611837,-95.4537154979461,108,21.330329923718065,0.001,1,dqn_epsilon_decay_high_seed1,0.8080700157548294,20013,18.47616159915924
214,-122.21228919038583,-96.03080664292332,94,23.332650798432372,0.001,1,dqn_epsilon_decay_high_seed1,0.8072619457390746,20107,28.26564347743988
215,-115.47578038237077,-95.77698376161615,95,26.227361067972684,0.001,1,dqn_epsilon_decay_high_seed1,0.8064546837933355,20202,35.97845564569746
216,-69.54116606504545,-95.49472460483582,115,36.87082631691642,0.001,1,dqn_epsilon_decay_high_seed1,0.8056482291095421,20317,17.96674445959238
217,-59.53742472895796,-94.23238044084663,111,36.134791286142026,0.001,1,dqn_epsilon_decay_high_seed1,0.8048425808804326,20428,19.13412935593549
218,-46.75120810531257,-93.31944499178016,115,32.09777903142183,0.001,1,dqn_epsilon_decay_high_seed1,0.8040377382995522,20543,48.073555121055016
219,-80.3401491745401,-93.04634020693838,79,17.166164491750017,0.001,1,dqn_epsilon_decay_high_seed1,0.8032337005612527,20622,31.0001599928912
220,-77.81764907732739,-93.96557803598567,75,28.198811972935996,0.001,1,dqn_epsilon_decay_high_seed1,0.8024304668606914,20697,51.284559698665845
221,-44.717789238611786,-94.24410617780462,69,24.395155329635177,0.001,1,dqn_epsilon_decay_high_seed1,0.8016280363938307,20766,52.99151773112161
222,-102.81223325848084,-94.10619928123319,100,22.037283496856688,0.001,1,dqn_epsilon_decay_high_seed1,0.8008264083574369,20866,12.681400716304779
223,-90.58694816414486,-94.63961566217392,85,22.375544965968412,0.001,1,dqn_epsilon_decay_high_seed1,0.8000255819490795,20951,48.1194041967392
224,-100.35644080556393,-93.63573947112768,86,12.665359042411627,0.001,1,dqn_epsilon_decay_high_seed1,0.7992255563671304,21037,41.856912697062775
225,-56.943475011450374,-93.0268000154337,88,33.503231403502554,0.001,1,dqn_epsilon_decay_high_seed1,0.7984263308107633,21125,56.118081378936765
226,-51.59209078706436,-91.94816848925245,85,28.57138209483203,0.001,1,dqn_epsilon_decay_high_seed1,0.7976279044799526,21210,41.04363759358724
227,-102.35575464144779,-93.02685039635423,67,23.675595689175733,0.001,1,dqn_epsilon_decay_high_seed1,0.7968302765754727,21277,20.708634163652146
228,-258.85319249790064,-96.07154384535399,147,27.08227704090326,0.001,1,dqn_epsilon_decay_high_seed1,0.7960334462988972,21424,38.27838089548308
229,-67.68259035191524,-96.06646499266797,84,32.24559375785646,0.001,1,dqn_epsilon_decay_high_seed1,0.7952374128525983,21508,20.36498677103143
230,-239.1128524580428,-99.27880512385164,104,26.190480397297787,0.001,1,dqn_epsilon_decay_high_seed1,0.7944421754397457,21612,24.37740914961871
231,-96.74741357375248,-98.43780597607228,102,31.172876500615885,0.001,1,dqn_epsilon_decay_high_seed1,0.7936477332643059,21714,57.73681081136068
232,-139.56820279986158,-97.68632880250082,95,38.31793008352581,0.001,1,dqn_epsilon_decay_high_seed1,0.7928540855310416,21809,50.4408398270607
233,-52.48342030235605,-96.9983780588394,111,21.780961801339913,0.001,1,dqn_epsilon_decay_high_seed1,0.7920612314455105,21920,22.78294004712786
234,-78.34438665596394,-97.14306189081383,75,25.356705077489217,0.001,1,dqn_epsilon_decay_high_seed1,0.7912691702140651,21995,0.9842878528263258
235,-55.713321937984134,-96.52943251355943,89,27.405794119567013,0.001,1,dqn_epsilon_decay_high_seed1,0.790477901043851,22084,43.087856928507485
236,-56.354125987030955,-98.3120854045387,123,29.838075680461355,0.001,1,dqn_epsilon_decay_high_seed1,0.7896874231428072,22207,10.525961509117714
237,-88.2211497546195,-98.58024596868745,97,24.884223273119975,0.001,1,dqn_epsilon_decay_high_seed1,0.7888977357196644,22304,36.62877898216247
238,-119.86673305866942,-99.03658265036276,83,31.717118705611632,0.001,1,dqn_epsilon_decay_high_seed1,0.7881088379839447,22387,12.07546842098236
239,-90.06130655500657,-99.3122037382674,88,32.04195116595788,0.001,1,dqn_epsilon_decay_high_seed1,0.7873207291459607,22475,24.057726634176152
240,-86.81894319721809,-100.45507561252175,110,27.835504256595264,0.001,1,dqn_epsilon_decay_high_seed1,0.7865334084168147,22585,35.33586502075195
241,-102.59794785635027,-100.49516692119344,113,27.90776503402575,0.001,1,dqn_epsilon_decay_high_seed1,0.7857468750083979,22698,40.86709995496841
242,-239.544872777562,-103.60449148509488,109,40.082765514697506,0.001,1,dqn_epsilon_decay_high_seed1,0.7849611281333895,22807,7.726586405436198
243,-51.8564035274488,-103.05508484475996,116,33.71087748428871,0.001,1,dqn_epsilon_decay_high_seed1,0.784176167005256,22923,49.139940966730535
244,-69.81459202435136,-99.79898758091063,74,30.56723696154517,0.001,1,dqn_epsilon_decay_high_seed1,0.7833919908382508,22997,50.78800791501999
245,-71.35037127487169,-99.12339263474263,71,37.11476256478001,0.001,1,dqn_epsilon_decay_high_seed1,0.7826085988474126,23068,33.516048840114046
246,-193.18942205345053,-100.98129226425505,118,28.557734144946277,0.001,1,dqn_epsilon_decay_high_seed1,0.7818259902485653,23186,47.63964622251449
247,-59.397110962476084,-99.85871354470801,68,34.4932023637435,0.001,1,dqn_epsilon_decay_high_seed1,0.7810441642583167,23254,49.016141295433044
248,-106.28769568273997,-98.98772276760407,82,30.12388442056935,0.001,1,dqn_epsilon_decay_high_seed1,0.7802631200940584,23336,29.634958267211914
249,-6.8790710337730445,-96.52964808596964,121,25.137391530777798,0.001,1,dqn_epsilon_decay_high_seed1,0.7794828569739644,23457,14.178900287997338
250,-32.24534298897122,-95.75465041125972,73,28.30812942165218,0.001,1,dqn_epsilon_decay_high_seed1,0.7787033741169904,23530,57.86035734956915
251,-158.75572631782893,-97.86914222716767,127,40.407587353638775,0.001,1,dqn_epsilon_decay_high_seed1,0.7779246707428734,23657,21.338514647136133
252,-105.04911392309103,-98.84274592251052,111,26.69187299840085,0.001,1,dqn_epsilon_decay_high_seed1,0.7771467460721305,23768,30.443086242675783
253,-60.01209621991954,-98.33660680638545,67,35.419940361336096,0.001,1,dqn_epsilon_decay_high_seed1,0.7763695993260584,23835,17.39115322487695
254,-109.02785616020209,-98.03730263325335,80,30.350566345453263,0.001,1,dqn_epsilon_decay_high_seed1,0.7755932297267324,23915,42.05679045783149
255,-125.33530260446193,-98.97747154852692,99,33.44286593764719,0.001,1,dqn_epsilon_decay_high_seed1,0.7748176364970056,24014,60.86422365361994
256,-88.61639824839315,-98.91959921010361,96,36.380794589718185,0.001,1,dqn_epsilon_decay_high_seed1,0.7740428188605086,24110,43.012281934420265
257,-53.577748549199455,-97.97301415884229,62,54.68657802766369,0.001,1,dqn_epsilon_decay_high_seed1,0.7732687760416481,24172,29.372167697319618
258,-104.89010462099205,-97.88184042509714,114,24.094064614229033,0.001,1,dqn_epsilon_decay_high_seed1,0.7724955072656065,24286,62.62209778172629
259,-79.74228481731197,-96.46357340893978,86,31.004348638445833,0.001,1,dqn_epsilon_decay_high_seed1,0.7717230117583408,24372,38.08048694783991
260,-43.552203802621406,-95.5614999835389,142,30.252142976707137,0.001,1,dqn_epsilon_decay_high_seed1,0.7709512887465825,24514,48.10786547007099
261,-143.20737601998107,-95.77850223090371,104,32.216699027098144,0.001,1,dqn_epsilon_decay_high_seed1,0.7701803374578359,24618,20.763518766923383
262,-38.42969294317513,-94.75959944872633,125,37.290745797157285,0.001,1,dqn_epsilon_decay_high_seed1,0.7694101571203781,24743,49.41480870807872
263,-74.7409722150837,-93.37935488770563,87,28.89494562423092,0.001,1,dqn_epsilon_decay_high_seed1,0.7686407469632577,24830,51.13308340708415
264,-19.65695934652659,-91.32824829082843,81,41.55682420730591,0.001,1,dqn_epsilon_decay_high_seed1,0.7678721062162944,24911,54.91115531554589
265,-103.51150717899567,-91.08896282676095,89,27.236163747444582,0.001,1,dqn_epsilon_decay_high_seed1,0.7671042341100781,25000,14.147171450985802
266,-82.81840339254369,-91.35450757331091,96,27.168505532046158,0.001,1,dqn_epsilon_decay_high_seed1,0.766337129875968,25096,37.73547418912252
267,-77.05488433244656,-91.7048567653807,64,34.838341895490885,0.001,1,dqn_epsilon_decay_high_seed1,0.7655707927460921,25160,18.46636215845744
268,-96.85200156378876,-92.70687263455022,138,33.285559930663176,0.001,1,dqn_epsilon_decay_high_seed1,0.764805221953346,25298,24.788487604031197
269,-71.33130221169915,-92.52669569529338,70,36.55023708684104,0.001,1,dqn_epsilon_decay_high_seed1,0.7640404167313927,25368,22.432140866915386
270,-82.89160690734332,-92.6281748518937,71,24.906606163777095,0.001,1,dqn_epsilon_decay_high_seed1,0.7632763763146613,25439,25.028880298137665
271,-82.62659048854675,-93.38635087689241,86,42.301058594570605,0.001,1,dqn_epsilon_decay_high_seed1,0.7625130999383466,25525,28.54407202679178
272,-44.80543093919424,-92.22621483050669,118,23.78589105100955,0.001,1,dqn_epsilon_decay_high_seed1,0.7617505868384082,25643,48.035270066096864
273,-13.147954243548796,-90.67743495209476,115,20.395100951194763,0.001,1,dqn_epsilon_decay_high_seed1,0.7609888362515699,25758,53.074877173812304
274,-150.51668417314062,-91.68063981944628,100,29.429811544418335,0.001,1,dqn_epsilon_decay_high_seed1,0.7602278474153183,25858,30.78851472482913
275,-94.82541779206545,-92.4382786750586,98,35.412939706627206,0.001,1,dqn_epsilon_decay_high_seed1,0.759467619567903,25956,62.41881257516366
276,-102.3316776843955,-93.45307041300521,97,27.511842934126708,0.001,1,dqn_epsilon_decay_high_seed1,0.7587081519483351,26053,46.252494734876294
277,-85.21729526258963,-93.11030122542805,95,37.89111581099661,0.001,1,dqn_epsilon_decay_high_seed1,0.7579494437963867,26148,52.0819637558677
278,-114.96993278003922,-90.2326360310708,72,22.75464869538943,0.001,1,dqn_epsilon_decay_high_seed1,0.7571914943525904,26220,-13.67704709370931
279,-117.83099880595759,-91.23560420015167,75,24.686831436157227,0.001,1,dqn_epsilon_decay_high_seed1,0.7564343028582378,26295,48.58938085115873
280,-58.99182345393703,-87.63318362006954,104,24.14532947081786,0.001,1,dqn_epsilon_decay_high_seed1,0.7556778685553796,26399,51.863796584067806
281,-128.66972571102872,-88.27162986281506,112,34.1840113603643,0.001,1,dqn_epsilon_decay_high_seed1,0.7549221906868242,26511,31.587600924751975
282,-39.66329638712328,-86.27353173456031,88,25.9208526421677,0.001,1,dqn_epsilon_decay_high_seed1,0.7541672684961374,26599,46.501249084472654
283,-32.94883796152959,-85.88284008774377,135,25.675713558550235,0.001,1,dqn_epsilon_decay_high_seed1,0.7534131012276413,26734,32.20546955075757
284,-106.69299229755158,-86.44981220057552,115,34.82495252567789,0.001,1,dqn_epsilon_decay_high_seed1,0.7526596881264136,26849,32.53556292397635
285,-60.91186472247996,-86.55378305626542,77,19.617446750789494,0.001,1,dqn_epsilon_decay_high_seed1,0.7519070284382872,26926,28.81219762166341
286,-107.17704047145472,-87.57024134595389,162,21.46899385658311,0.001,1,dqn_epsilon_decay_high_seed1,0.7511551214098489,27088,20.750441417098045
287,-77.65413364001495,-87.3589010236618,83,19.753738199371888,0.001,1,dqn_epsilon_decay_high_seed1,0.750403966288439,27171,22.328466445207596
288,-118.29842153254543,-87.32753479313934,118,32.92578479395075,0.001,1,dqn_epsilon_decay_high_seed1,0.7496535623221505,27289,38.16213981036482
289,-321.3971870938876,-91.95425240391694,124,17.115460699604405,0.001,1,dqn_epsilon_decay_high_seed1,0.7489039087598284,27413,46.919332326986854
290,-84.81453990665936,-91.91416433810578,85,36.621381727386925,0.001,1,dqn_epsilon_decay_high_seed1,0.7481550048510686,27498,47.724840252295785
291,-21.894722207240832,-90.3000998251236,100,24.965083745718,0.001,1,dqn_epsilon_decay_high_seed1,0.7474068498462175,27598,25.991428470611574
292,-25.029657430736805,-86.00979551818709,109,33.173848414639814,0.001,1,dqn_epsilon_decay_high_seed1,0.7466594429963713,27707,48.90301036834717
293,-86.69832771302,-86.70663400189852,102,37.95465628189199,0.001,1,dqn_epsilon_decay_high_seed1,0.745912783553375,27809,22.760632090527437
294,-51.042754375236385,-86.33119724891623,140,38.4078632916723,0.001,1,dqn_epsilon_decay_high_seed1,0.7451668707698216,27949,59.58305018704112
295,-35.55256496014633,-85.6152411226217,77,27.9398406140216,0.001,1,dqn_epsilon_decay_high_seed1,0.7444217038990517,28026,36.562752257693894
296,-21.863253856213632,-82.18871775867696,87,22.528024562473956,0.001,1,dqn_epsilon_decay_high_seed1,0.7436772821951526,28113,48.58928110864427
297,-117.95774459285948,-83.35993043128462,83,27.39381798778672,0.001,1,dqn_epsilon_decay_high_seed1,0.7429336049129575,28196,41.79384254273914
298,-39.86182531993714,-82.03141302402857,87,29.779619208697614,0.001,1,dqn_epsilon_decay_high_seed1,0.7421906713080445,28283,32.859879958629605
299,-156.8698435426923,-85.03122847420697,148,28.485153979546315,0.001,1,dqn_epsilon_decay_high_seed1,0.7414484806367364,28431,39.9295032925076
300,-224.71361813765554,-88.88059397718065,115,33.58876144160395,0.001,1,dqn_epsilon_decay_high_seed1,0.7407070321560997,28546,41.20280659198761
301,-25.32685896002478,-86.21201663002458,112,31.857616211686814,0.001,1,dqn_epsilon_decay_high_seed1,0.7399663251239436,28658,44.606039153205025
302,-15.694273436335237,-84.42491982028947,122,28.107625863591178,0.001,1,dqn_epsilon_decay_high_seed1,0.7392263587988196,28780,35.43477683908799
303,-53.64276115211486,-84.29753311893339,71,27.784545542488637,0.001,1,dqn_epsilon_decay_high_seed1,0.7384871324400207,28851,47.04586895704269
304,-60.349409132819325,-83.32396417838571,78,33.13941577458993,0.001,1,dqn_epsilon_decay_high_seed1,0.7377486453075807,28929,40.27060589037443
305,12.321433749885685,-80.57082945129876,96,21.043505010505516,0.001,1,dqn_epsilon_decay_high_seed1,0.737010896662273,29025,38.81889721552531
306,-9.498343243729906,-78.9884683512055,81,27.274187526585145,0.001,1,dqn_epsilon_decay_high_seed1,0.7362738857656108,29106,40.65969493985176
307,-97.2268335262962,-79.86145005074742,85,30.138538287667668,0.001,1,dqn_epsilon_decay_high_seed1,0.7355376118798452,29191,13.868009048349718
308,-160.6283572039914,-80.97621510240742,107,25.86218192421387,0.001,1,dqn_epsilon_decay_high_seed1,0.7348020742679654,29298,9.248854141235352
309,-44.71984590260897,-80.27576632411336,96,26.384650258968275,0.001,1,dqn_epsilon_decay_high_seed1,0.7340672721936974,29394,51.30771373709043
310,-49.93680766361905,-80.40345840133332,68,34.218655722982746,0.001,1,dqn_epsilon_decay_high_seed1,0.7333332049215037,29462,51.77381404240926
311,-91.00564268659261,-79.35942373466554,98,19.64535635101552,0.001,1,dqn_epsilon_decay_high_seed1,0.7325998717165821,29560,36.92168408853036
312,-115.71661623188963,-80.90516220043983,134,24.873557032044253,0.001,1,dqn_epsilon_decay_high_seed1,0.7318672718448656,29694,29.010133661072828
313,-12.239024621324646,-79.65512324856464,145,24.986013439605976,0.001,1,dqn_epsilon_decay_high_seed1,0.7311354045730207,29839,35.01027536392212
314,-79.99790442338193,-80.86194215010175,87,23.310301325787073,0.001,1,dqn_epsilon_decay_high_seed1,0.7304042691684477,29926,20.11876448462991
315,-87.29297731467948,-80.53757155281542,116,18.08643351957716,0.001,1,dqn_epsilon_decay_high_seed1,0.7296738648992792,30042,43.256007521316924
316,-56.347141939054296,-80.00814632374563,90,34.04442983733283,0.001,1,dqn_epsilon_decay_high_seed1,0.7289441910343799,30132,39.671439238957
317,-80.83360592445212,-80.08372075558574,109,22.672597785608485,0.001,1,dqn_epsilon_decay_high_seed1,0.7282152468433455,30241,53.800749261038646
318,-68.13926448647626,-79.5094660140395,68,22.99570323789821,0.001,1,dqn_epsilon_decay_high_seed1,0.7274870315965022,30309,25.545834792287724
319,-73.64497313168215,-79.55573943243915,107,15.880162436271382,0.001,1,dqn_epsilon_decay_high_seed1,0.7267595445649057,30416,30.4099103808403
320,-96.69153400323073,-79.83173797435691,96,18.321217664827902,0.001,1,dqn_epsilon_decay_high_seed1,0.7260327850203407,30512,46.198035331872795
321,-57.482848643510174,-79.32886313745618,115,20.16290362606878,0.001,1,dqn_epsilon_decay_high_seed1,0.7253067522353204,30627,19.414578627137576
322,-107.97167044506881,-80.59218792757368,115,24.73430254355721,0.001,1,dqn_epsilon_decay_high_seed1,0.724581445483085,30742,54.39678245120578
323,-49.50017766094858,-81.31923239592167,106,19.058756875541974,0.001,1,dqn_epsilon_decay_high_seed1,0.723856864037602,30848,51.867488604325516
324,-101.37135747467,-80.33632586195226,66,22.681651119029883,0.001,1,dqn_epsilon_decay_high_seed1,0.7231330071735643,30914,11.063337961832682
325,-0.4696714739705925,-78.44921093559037,148,20.398545127462697,0.001,1,dqn_epsilon_decay_high_seed1,0.7224098741663908,31062,57.27745895385742
326,-115.53780988359519,-78.71333357957437,110,19.708128053491766,0.001,1,dqn_epsilon_decay_high_seed1,0.7216874642922244,31172,30.341413709852432
327,-80.71212648133096,-78.62323020394919,105,22.851245076315745,0.001,1,dqn_epsilon_decay_high_seed1,0.7209657768279322,31277,27.436932543913525
328,-116.90247146599197,-78.66188097766825,132,24.35828551198497,0.001,1,dqn_epsilon_decay_high_seed1,0.7202448110511043,31409,10.395633016313825
329,-89.68651286756187,-78.09899125890033,84,21.63715866633824,0.001,1,dqn_epsilon_decay_high_seed1,0.7195245662400531,31493,26.853389461835224
330,-222.5937830805861,-81.37103045143331,95,18.166282342609605,0.001,1,dqn_epsilon_decay_high_seed1,0.7188050416738131,31588,20.59122065135411
331,-85.95266254782746,-80.51668918816928,94,24.63582609435345,0.001,1,dqn_epsilon_decay_high_seed1,0.7180862366321393,31682,34.19583505850572
332,-45.800124080173205,-80.63942574203028,107,17.76744279460372,0.001,1,dqn_epsilon_decay_high_seed1,0.7173681503955072,31789,45.920523433124316
333,-59.512021079436764,-81.17068940438841,124,17.642072623775853,0.001,1,dqn_epsilon_decay_high_seed1,0.7166507822451117,31913,41.839196060643054
334,-107.32590626081972,-81.18334768365379,94,16.66263236898057,0.001,1,dqn_epsilon_decay_high_seed1,0.7159341314628666,32007,61.40573320388794
335,-79.38363371960433,-81.55278306359627,149,18.481860261635493,0.001,1,dqn_epsilon_decay_high_seed1,0.7152181973314037,32156,25.433843127886455
336,-98.70921012480119,-81.38342645666322,84,12.923092993951979,0.001,1,dqn_epsilon_decay_high_seed1,0.7145029791340722,32240,39.83907920916875
337,-109.43058138542531,-82.01895541157143,74,13.971359517123249,0.001,1,dqn_epsilon_decay_high_seed1,0.7137884761549381,32314,12.634353842054095
338,-57.46347820845252,-80.80225654508956,140,20.975671802248275,0.001,1,dqn_epsilon_decay_high_seed1,0.7130746876787832,32454,50.73469911575317
339,-97.37569800458002,-76.32182676330342,78,18.456735155521294,0.001,1,dqn_epsilon_decay_high_seed1,0.7123616129911045,32532,27.93699492727007
340,-94.90341464134416,-76.5236042579971,114,25.71831726609615,0.001,1,dqn_epsilon_decay_high_seed1,0.7116492513781133,32646,47.69570125382522
341,-207.5192677499839,-80.23609516885197,109,22.1761662588207,0.001,1,dqn_epsilon_decay_high_seed1,0.7109376021267352,32755,7.174655379671039
342,-52.66572077117945,-80.78881643566083,96,14.814718509713808,0.001,1,dqn_epsilon_decay_high_seed1,0.7102266645246085,32851,42.97039010748267
343,-65.861342880633,-80.3720767390131,116,25.033263967982656,0.001,1,dqn_epsilon_decay_high_seed1,0.7095164378600839,32967,72.91265103124803
344,-63.19628618123801,-80.61514737513313,83,20.578364840473036,0.001,1,dqn_epsilon_decay_high_seed1,0.7088069214222238,33050,43.53666114807129
345,-22.42460960829726,-80.35258826809616,101,20.907436507763247,0.001,1,dqn_epsilon_decay_high_seed1,0.7080981145008015,33151,55.16174628657679
346,-130.43549549418404,-82.52403310085556,106,27.670412315512603,0.001,1,dqn_epsilon_decay_high_seed1,0.7073900163863007,33257,40.2542564868927
347,-49.106131177769484,-81.14700083255376,133,13.78450482052968,0.001,1,dqn_epsilon_decay_high_seed1,0.7066826263699144,33390,79.57572390139103
348,-107.31098511672991,-82.4959840284896,97,26.52306003914666,0.001,1,dqn_epsilon_decay_high_seed1,0.7059759437435444,33487,40.25134661462572
349,-71.85963601939957,-80.79577987802377,79,21.123165003861054,0.001,1,dqn_epsilon_decay_high_seed1,0.7052699677998009,33566,27.30373627648634
350,-82.14585555132635,-77.94442462629718,86,18.823733186999032,0.001,1,dqn_epsilon_decay_high_seed1,0.704564697832001,33652,3.054515724182129
351,-99.54544959470131,-79.42879643899072,114,22.458009104979666,0.001,1,dqn_epsilon_decay_high_seed1,0.7038601331341691,33766,47.6612668317907
352,-83.12454778280394,-80.77740192592007,67,19.687513682379652,0.001,1,dqn_epsilon_decay_high_seed1,0.7031562730010349,33833,36.541162931002106
353,-70.2073852483534,-81.10869440784485,100,22.175712049007416,0.001,1,dqn_epsilon_decay_high_seed1,0.7024531167280339,33933,28.540557519594827
354,-52.39836279960418,-80.94967348118054,86,22.550619056058483,0.001,1,dqn_epsilon_decay_high_seed1,0.7017506636113059,34019,48.39079251496688
355,-62.045738392012595,-82.43701692401852,89,24.242273676261473,0.001,1,dqn_epsilon_decay_high_seed1,0.7010489129476946,34108,44.76182437765187
356,-179.96770401299148,-85.84640413940375,115,20.939070127321326,0.001,1,dqn_epsilon_decay_high_seed1,0.7003478640347469,34223,46.6239889218257
357,-85.85842170533863,-85.61903590298458,90,29.300943048795066,0.001,1,dqn_epsilon_decay_high_seed1,0.6996475161707122,34313,50.4767662525177
358,-43.321585720910875,-83.27290047332298,63,14.141147969261048,0.001,1,dqn_epsilon_decay_high_seed1,0.6989478686545415,34376,27.706523180007935
359,-69.98011792068525,-83.77810591368448,100,18.85869516968727,0.001,1,dqn_epsilon_decay_high_seed1,0.698248920785887,34476,47.67049577832222
360,-68.68482786798053,-84.15306631777172,111,14.446290041949299,0.001,1,dqn_epsilon_decay_high_seed1,0.6975506718651011,34587,58.82122273978434
361,-52.0398706849882,-83.37375087773964,76,20.514064641375292,0.001,1,dqn_epsilon_decay_high_seed1,0.6968531211932361,34663,17.9577778339386
362,-78.0506727882438,-82.62043200886671,87,20.122161374695,0.001,1,dqn_epsilon_decay_high_seed1,0.6961562680720428,34750,7.081783542266259
363,-73.75399822774342,-83.85073148099508,127,17.659591929180415,0.001,1,dqn_epsilon_decay_high_seed1,0.6954601118039707,34877,36.49638447008635
364,-102.26462489991046,-84.29606589052568,93,14.172683764529484,0.001,1,dqn_epsilon_decay_high_seed1,0.6947646516921667,34970,46.22259985167405
365,-105.78711938261378,-84.66594873188437,109,16.26559947390075,0.001,1,dqn_epsilon_decay_high_seed1,0.6940698870404746,35079,41.220598365131174
366,-183.38062332103408,-87.20661835952394,123,17.701822094800995,0.001,1,dqn_epsilon_decay_high_seed1,0.6933758171534341,35202,49.51677151882287
367,-105.31059929925756,-87.69615822702006,106,18.85046838139588,0.001,1,dqn_epsilon_decay_high_seed1,0.6926824413362807,35308,51.41210451993075
368,-74.1213704866309,-87.81580034702314,72,15.489855080842972,0.001,1,dqn_epsilon_decay_high_seed1,0.6919897588949444,35380,8.490543532371522
369,-38.045155704895464,-87.10380399848741,80,18.133554232120513,0.001,1,dqn_epsilon_decay_high_seed1,0.6912977691360495,35460,-15.213967368716286
370,-61.19309984168463,-86.39383531525645,102,17.101761352782155,0.001,1,dqn_epsilon_decay_high_seed1,0.6906064713669134,35562,49.04350303808848
371,-72.0803925010551,-86.68578619240738,105,17.500163418906077,0.001,1,dqn_epsilon_decay_high_seed1,0.6899158648955466,35667,56.9236695074266
372,-84.42716085506757,-86.21489600060735,84,19.031291428066435,0.001,1,dqn_epsilon_decay_high_seed1,0.689225949030651,35751,37.88106497128805
373,-48.31793950833975,-86.19125123755516,86,16.33750637048899,0.001,1,dqn_epsilon_decay_high_seed1,0.6885367230816204,35837,40.99873272577921
374,-29.84034008443777,-84.76063088975053,123,19.123552999845366,0.001,1,dqn_epsilon_decay_high_seed1,0.6878481863585387,35960,57.3087662176082
375,-48.57914777109012,-85.72282041569294,103,20.296593689224096,0.001,1,dqn_epsilon_decay_high_seed1,0.6871603381721801,36063,39.7675341299602
376,-119.47946012760546,-85.80165342057312,232,23.68782015812808,0.001,1,dqn_epsilon_decay_high_seed1,0.686473177834008,36295,-0.781583662033081
377,-114.48342090156618,-86.47707930897782,82,17.98040931108521,0.001,1,dqn_epsilon_decay_high_seed1,0.685786704656174,36377,20.83761097135998
378,-53.58445039051769,-85.21071888746832,79,18.0926268764689,0.001,1,dqn_epsilon_decay_high_seed1,0.6851009179515178,36456,24.488637115644373
379,-84.47472102395712,-85.10648305059624,90,21.322641462749907,0.001,1,dqn_epsilon_decay_high_seed1,0.6844158170335664,36546,23.267965576865457
380,1.7083876123492416,-80.62043963673754,114,24.21559755948552,0.001,1,dqn_epsilon_decay_high_seed1,0.6837314012165328,36660,21.48384364446004
381,-76.8170957472511,-80.43772830072601,102,20.782550362979663,0.001,1,dqn_epsilon_decay_high_seed1,0.6830476698153162,36762,26.628225069779617
382,-90.50583814077442,-81.33184258193803,86,20.91579193847124,0.001,1,dqn_epsilon_decay_high_seed1,0.6823646221455009,36848,42.577810826508895
383,-30.98664030472733,-80.76133496644384,109,19.769704989337047,0.001,1,dqn_epsilon_decay_high_seed1,0.6816822575233553,36957,7.9206719398498535
384,-95.38537590091865,-80.52252435924582,120,23.77360780239105,0.001,1,dqn_epsilon_decay_high_seed1,0.6810005752658319,37077,50.73086516559124
385,-123.94189479365728,-81.41368958072688,145,18.029501339484906,0.001,1,dqn_epsilon_decay_high_seed1,0.680319574690566,37222,30.160831815974657
386,-104.13079158086983,-81.52212120984825,124,22.30020510765814,0.001,1,dqn_epsilon_decay_high_seed1,0.6796392551158754,37346,29.84235652089119
387,-65.5660126356601,-80.64482983485296,79,21.316331268865852,0.001,1,dqn_epsilon_decay_high_seed1,0.6789596158607596,37425,39.4342450428009
388,-60.8719300335452,-80.7129988713548,101,21.624208103312125,0.001,1,dqn_epsilon_decay_high_seed1,0.6782806562448989,37526,36.70400021870931
389,-92.50319455312261,-80.61554880232566,107,24.590978936614277,0.001,1,dqn_epsilon_decay_high_seed1,0.677602375588654,37633,55.64483889606264
390,-154.07620356526337,-81.79900458080404,106,21.79050331070738,0.001,1,dqn_epsilon_decay_high_seed1,0.6769247732130653,37739,31.94989006434168
391,-36.2165034841168,-78.37294929548672,104,17.892312841919754,0.001,1,dqn_epsilon_decay_high_seed1,0.6762478484398523,37843,51.260579072512115
392,-96.48724943234436,-79.24937986871001,81,14.491627129507654,0.001,1,dqn_epsilon_decay_high_seed1,0.6755716005914124,37924,-2.0700125619769096
393,-54.370809985390586,-79.01956921080517,75,23.582557462056478,0.001,1,dqn_epsilon_decay_high_seed1,0.674896028990821,37999,26.237102879418266
394,-52.72588829406181,-78.81016125306164,124,28.542959134424887,0.001,1,dqn_epsilon_decay_high_seed1,0.6742211329618302,38123,64.54432401806116
395,-54.347628843358336,-79.44862163776287,101,20.026851892471313,0.001,1,dqn_epsilon_decay_high_seed1,0.6735469118288684,38224,28.834345027804375
396,-31.867114346357937,-77.47725401480635,124,21.728146783767208,0.001,1,dqn_epsilon_decay_high_seed1,0.6728733649170395,38348,49.11134059254716
397,-70.91332871014895,-77.91339796545394,78,23.219969706657604,0.001,1,dqn_epsilon_decay_high_seed1,0.6722004915521225,38426,36.159552389925175
398,-70.42765164361808,-77.1757312959917,96,21.873067465921242,0.001,1,dqn_epsilon_decay_high_seed1,0.6715282910605703,38522,61.23610439793817
399,-13.847434835053647,-76.01548727230478,76,17.137424851718702,0.001,1,dqn_epsilon_decay_high_seed1,0.6708567627695098,38598,39.18543201425801
400,-22.58807813406824,-74.82433172395962,157,22.698358016408932,0.001,1,dqn_epsilon_decay_high_seed1,0.6701859060067403,38755,64.59845005251744
401,-55.38261319431979,-73.94107499595198,108,25.406300076731927,0.001,1,dqn_epsilon_decay_high_seed1,0.6695157201007336,38863,52.9183927438198
402,-120.43051707216765,-74.68719438173926,96,30.719013596574467,0.001,1,dqn_epsilon_decay_high_seed1,0.6688462043806328,38959,36.9006123378359
403,-192.18370147983373,-77.12672070636887,127,24.67751878828514,0.001,1,dqn_epsilon_decay_high_seed1,0.6681773581762521,39086,34.597220515593506
404,36.5709328865434,-75.34733479264592,121,21.49382507702536,0.001,1,dqn_epsilon_decay_high_seed1,0.6675091808180759,39207,24.949528956666907
405,-38.626986035582604,-74.87895974551734,101,19.619473806702263,0.001,1,dqn_epsilon_decay_high_seed1,0.6668416716372578,39308,35.11319148540497
406,-173.44018082514907,-74.7484092817605,104,29.821310497247257,0.001,1,dqn_epsilon_decay_high_seed1,0.6661748299656206,39412,29.97421602521624
407,-18.512171287282882,-73.40148427339938,115,17.28195241637852,0.001,1,dqn_epsilon_decay_high_seed1,0.6655086551356549,39527,51.721358140309654
408,-86.58511782922436,-74.26675491556563,91,30.64108608843206,0.001,1,dqn_epsilon_decay_high_seed1,0.6648431464805192,39618,31.379066022237144
409,-36.55344818327646,-73.59822152081746,69,25.76405253963194,0.001,1,dqn_epsilon_decay_high_seed1,0.6641783033340387,39687,40.322848806381224
410,-56.0571863487057,-73.34566869043198,97,22.814485510599983,0.001,1,dqn_epsilon_decay_high_seed1,0.6635141250307047,39784,58.78697861565484
411,-66.36214928434651,-73.63211426241912,130,33.67745853937589,0.001,1,dqn_epsilon_decay_high_seed1,0.662850610905674,39914,33.170474403974964
412,-91.34574184159932,-73.89801564348625,119,24.221336076239577,0.001,1,dqn_epsilon_decay_high_seed1,0.6621877602947683,40033,50.80014216899872
413,-84.58347414568877,-74.11460516184515,99,25.789040755743933,0.001,1,dqn_epsilon_decay_high_seed1,0.6615255725344735,40132,43.46633702324283
414,5.817210160516169,-71.95296846063661,102,25.68750619654562,0.001,1,dqn_epsilon_decay_high_seed1,0.660864046961939,40234,35.513708162307736
415,-253.8063373494088,-74.9133528199725,145,24.801606553176352,0.001,1,dqn_epsilon_decay_high_seed1,0.660203182914977,40379,12.36054038559949
416,-195.50850200285527,-75.15591039360893,136,26.381269509301465,0.001,1,dqn_epsilon_decay_high_seed1,0.6595429797320621,40515,28.13186549205406
417,-108.82950183084874,-75.22628844424074,106,36.20182513066058,0.001,1,dqn_epsilon_decay_high_seed1,0.6588834367523301,40621,59.82105635915484
418,-47.42823414067176,-74.69242571732157,96,29.874310630063217,0.001,1,dqn_epsilon_decay_high_seed1,0.6582245533155777,40717,56.94079777688691
419,-54.07705044942459,-75.01306361221215,108,26.016624154867948,0.001,1,dqn_epsilon_decay_high_seed1,0.6575663287622622,40825,57.37895581707722
420,-50.646634436466,-74.80213430410777,115,34.12762070531431,0.001,1,dqn_epsilon_decay_high_seed1,0.6569087624334999,40940,32.72410834802164
421,-63.83277802218428,-74.63718201453035,102,35.1987506571938,0.001,1,dqn_epsilon_decay_high_seed1,0.6562518536710664,41042,41.12836591154337
422,-39.93764174288164,-73.74739163228662,96,23.356190104037523,0.001,1,dqn_epsilon_decay_high_seed1,0.6555956018173954,41138,45.09742459383878
423,-54.141531913728464,-73.8638634803944,116,32.14393379564943,0.001,1,dqn_epsilon_decay_high_seed1,0.654940006215578,41254,25.356265276670456
424,-69.84882045130297,-74.66403308773171,89,30.01142259929957,0.001,1,dqn_epsilon_decay_high_seed1,0.6542850662093624,41343,3.2325716400146485
425,-82.87024183040626,-75.34985496891804,102,31.636912214989756,0.001,1,dqn_epsilon_decay_high_seed1,0.6536307811431531,41445,31.8537010640809
426,-88.02994015632083,-74.72086456949233,81,21.61132401890225,0.001,1,dqn_epsilon_decay_high_seed1,0.65297715036201,41526,50.64698839187622
427,-75.72236639373969,-73.9456434793358,110,30.56126560948112,0.001,1,dqn_epsilon_decay_high_seed1,0.6523241732116479,41636,49.461756569998606
428,-43.79232644684532,-73.74980100046237,95,18.756729113428218,0.001,1,dqn_epsilon_decay_high_seed1,0.6516718490384363,41731,39.20947070802961
429,-120.51745133018963,-74.470655606587,114,29.89623242930362,0.001,1,dqn_epsilon_decay_high_seed1,0.6510201771893979,41845,40.49679504122053
430,-42.28751187390284,-75.35057359631206,138,37.11055413018102,0.001,1,dqn_epsilon_decay_high_seed1,0.6503691570122084,41983,54.682984352111816
431,-42.476367288600684,-74.66375902713905,90,32.6188069290585,0.001,1,dqn_epsilon_decay_high_seed1,0.6497187878551962,42073,31.84593846346881
432,-74.67081973114267,-74.34705865894642,102,28.96704400286955,0.001,1,dqn_epsilon_decay_high_seed1,0.649069069067341,42175,40.66084336489439
433,-65.94558257557125,-75.0462375043633,120,35.343642963965735,0.001,1,dqn_epsilon_decay_high_seed1,0.6484199999982736,42295,40.13087926592146
434,-88.86171864706687,-74.91576435928626,68,30.4018455323051,0.001,1,dqn_epsilon_decay_high_seed1,0.6477715799982753,42363,32.002444812229704
435,-76.68837663999301,-73.97069399621299,91,54.03879783703731,0.001,1,dqn_epsilon_decay_high_seed1,0.647123808418277,42454,26.367788093430654
436,-69.8383953399586,-73.28484607139475,91,32.336990621063734,0.001,1,dqn_epsilon_decay_high_seed1,0.6464766846098587,42545,39.15350265375206
437,-71.51064693555358,-73.40373875739262,120,33.70819354255994,0.001,1,dqn_epsilon_decay_high_seed1,0.6458302079252489,42665,47.26616483415876
438,-157.46816670712917,-75.33566349086429,87,35.69099178533445,0.001,1,dqn_epsilon_decay_high_seed1,0.6451843777173236,42752,46.87071411950247
439,-61.43834563545004,-74.71436651251084,91,26.951725435780954,0.001,1,dqn_epsilon_decay_high_seed1,0.6445391933396063,42843,39.422738689184186
440,-45.10673964456329,-72.53497723409686,128,29.731769057922065,0.001,1,dqn_epsilon_decay_high_seed1,0.6438946541462667,42971,45.45061507821083
441,-188.4072018536648,-75.5787912014878,209,25.845099935120942,0.001,1,dqn_epsilon_decay_high_seed1,0.6432507594921204,43180,17.45468906313181
442,-58.083459220297954,-74.81071539724687,121,37.427240606181876,0.001,1,dqn_epsilon_decay_high_seed1,0.6426075087326283,43301,68.13172184902689
443,-59.15291306797353,-74.90635745889854,106,29.464810774011433,0.001,1,dqn_epsilon_decay_high_seed1,0.6419649012238956,43407,55.516532371210495
444,-67.46626840865372,-75.20116506119038,141,34.93704432629524,0.001,1,dqn_epsilon_decay_high_seed1,0.6413229363226717,43548,63.85398810250418
445,1.7239206612614169,-74.07973407109799,102,30.863808991862278,0.001,1,dqn_epsilon_decay_high_seed1,0.640681613386349,43650,40.03293538093567
446,-56.844971966755296,-74.57929122350593,115,31.761337742598162,0.001,1,dqn_epsilon_decay_high_seed1,0.6400409317729626,43765,53.26085961280867
447,-30.28454257499115,-73.76671550080276,114,35.44800847455075,0.001,1,dqn_epsilon_decay_high_seed1,0.6394008908411897,43879,32.08394977450371
448,-18.230394179562552,-72.72277035152166,81,34.79549624301769,0.001,1,dqn_epsilon_decay_high_seed1,0.6387614899503485,43960,40.42978855868181
449,-67.90064292055297,-73.80383451323165,99,47.92868950391057,0.001,1,dqn_epsilon_decay_high_seed1,0.6381227284603982,44059,58.49011243034054
450,-16.60600964331651,-73.68419314341662,78,18.893072623472946,0.001,1,dqn_epsilon_decay_high_seed1,0.6374846057319378,44137,59.907241662343345
451,-67.06130426455513,-73.91776696482133,108,35.081364218835475,0.001,1,dqn_epsilon_decay_high_seed1,0.6368471211262058,44245,74.33167387309827
452,-142.96854874052175,-74.36852759818841,95,30.73770641778645,0.001,1,dqn_epsilon_decay_high_seed1,0.6362102740050796,44340,49.01085337996483
453,-38.80309879802368,-71.3009155445522,125,28.10259715843201,0.001,1,dqn_epsilon_decay_high_seed1,0.6355740637310745,44465,55.106609518113345
454,-81.55462267188537,-73.66342665572077,105,24.918015466417586,0.001,1,dqn_epsilon_decay_high_seed1,0.6349384896673435,44570,53.334926649581554
455,-47.456701405750565,-73.84002096312413,100,40.27834706783295,0.001,1,dqn_epsilon_decay_high_seed1,0.6343035511776761,44670,65.52407643198967
456,-10.666667584592432,-70.584550698313,103,38.67924490252745,0.001,1,dqn_epsilon_decay_high_seed1,0.6336692476264985,44773,48.28169357149225
457,-59.358525408178565,-71.4014777807309,135,30.39459297215497,0.001,1,dqn_epsilon_decay_high_seed1,0.6330355783788719,44908,47.23699486577833
458,34.50005611658412,-68.97977430181474,111,31.280762696051383,0.001,1,dqn_epsilon_decay_high_seed1,0.632402542800493,45019,44.69650790729421
459,-50.802464644302646,-69.26475463103526,129,27.514462563418604,0.001,1,dqn_epsilon_decay_high_seed1,0.6317701402576925,45148,55.24232713092457
460,-45.63225934784831,-69.05625609101813,99,33.18358054546395,0.001,1,dqn_epsilon_decay_high_seed1,0.6311383701174348,45247,73.91511312750883
461,-119.54635935007848,-70.11994029233277,81,27.486755839100592,0.001,1,dqn_epsilon_decay_high_seed1,0.6305072317473174,45328,41.443525176781876
462,-54.082510314020226,-69.37467566178117,150,33.7209592072169,0.001,1,dqn_epsilon_decay_high_seed1,0.6298767245155701,45478,62.913530622759176
463,-35.261502076161605,-68.38823622039064,73,17.25891293238287,0.001,1,dqn_epsilon_decay_high_seed1,0.6292468477910546,45551,52.05503486550373
464,-6.305633266768908,-68.63069308893634,110,32.365060316432604,0.001,1,dqn_epsilon_decay_high_seed1,0.6286176009432635,45661,40.54970610447419
465,-60.24900861548481,-64.75954651425786,109,25.613993887507586,0.001,1,dqn_epsilon_decay_high_seed1,0.6279889833423202,45770,44.043781861014985
466,-94.66120869853933,-62.74260064817154,92,27.3474275884421,0.001,1,dqn_epsilon_decay_high_seed1,0.6273609943589779,45862,51.21192781852953
467,-72.8600916414959,-62.02321244438447,114,26.8266318283583,0.001,1,dqn_epsilon_decay_high_seed1,0.6267336333646188,45976,64.6095485634274
468,1.0470389804122249,-61.0537069819628,161,28.716550201362704,0.001,1,dqn_epsilon_decay_high_seed1,0.6261068997312542,46137,28.585873004049063
469,-89.45949090312432,-61.761355791036785,98,26.010613881811803,0.001,1,dqn_epsilon_decay_high_seed1,0.6254807928315229,46235,66.5319514532347
470,-24.117680702638623,-61.23077671636025,140,34.72708831344332,0.001,1,dqn_epsilon_decay_high_seed1,0.6248553120386914,46375,63.85652227790988
471,-43.848259699231576,-60.8310863499012,70,21.265438941546847,0.001,1,dqn_epsilon_decay_high_seed1,0.6242304567266527,46445,19.610774789537704
472,32.39665497810671,-59.38440041548142,110,24.36106710650704,0.001,1,dqn_epsilon_decay_high_seed1,0.623606226269926,46555,51.464056027696486
473,-4.836798775525224,-58.39830575271737,114,31.952413527589094,0.001,1,dqn_epsilon_decay_high_seed1,0.6229826200436561,46669,57.9878511074427
474,-72.85433333194914,-58.45841601033028,105,27.058832105000814,0.001,1,dqn_epsilon_decay_high_seed1,0.6223596374236124,46774,53.25087665930027
475,-61.14422222031672,-58.02389561812849,74,38.92921593382552,0.001,1,dqn_epsilon_decay_high_seed1,0.6217372777861888,46848,34.767199548582234
476,-24.993202504414825,-56.76316086509038,104,25.050623171604595,0.001,1,dqn_epsilon_decay_high_seed1,0.6211155405084027,46952,54.600095093250275
477,-23.2465871551386,-55.71364528031834,127,23.848910664010237,0.001,1,dqn_epsilon_decay_high_seed1,0.6204944249678943,47079,49.75158907852921
478,-33.41588482980538,-55.50611644797754,120,34.76699193914731,0.001,1,dqn_epsilon_decay_high_seed1,0.6198739305429264,47199,63.89591925484793
479,-95.73337764706766,-55.01043497431511,108,33.47947070112935,0.001,1,dqn_epsilon_decay_high_seed1,0.6192540566123834,47307,67.52503787146674
480,-68.60403581201093,-55.536765453077265,170,29.363317203521728,0.001,1,dqn_epsilon_decay_high_seed1,0.6186348025557711,47477,51.12544369395775
481,-51.44752985302284,-55.71618870436571,182,32.79111982177902,0.001,1,dqn_epsilon_decay_high_seed1,0.6180161677532153,47659,66.72167609797583
482,-27.06794790691268,-54.76413126788111,95,33.81647172476116,0.001,1,dqn_epsilon_decay_high_seed1,0.6173981515854621,47754,46.085639839492195
483,-39.92261720601894,-54.243671960490076,115,30.96136710125467,0.001,1,dqn_epsilon_decay_high_seed1,0.6167807534338766,47869,66.16006425221761
484,-310.69308805536355,-58.68029934865601,672,33.021883157392345,0.001,1,dqn_epsilon_decay_high_seed1,0.6161639726804428,48541,25.73655724277099
485,-135.31000048313433,-59.85273182551884,154,42.09573400949503,0.001,1,dqn_epsilon_decay_high_seed1,0.6155478087077623,48695,82.7675666809082
486,-32.32630224904602,-59.10248996370059,109,37.44337609273578,0.001,1,dqn_epsilon_decay_high_seed1,0.6149322608990545,48804,51.07874246077104
487,-50.597834624536844,-58.684233717480254,131,31.633646087792084,0.001,1,dqn_epsilon_decay_high_seed1,0.6143173286381555,48935,61.88205389910274
488,-50.99310918541244,-56.554732567045924,120,36.27322887380918,0.001,1,dqn_epsilon_decay_high_seed1,0.6137030113095173,49055,58.842955173330104
489,-49.55576809642851,-56.31708101626549,96,38.22802428652843,0.001,1,dqn_epsilon_decay_high_seed1,0.6130893082982078,49151,71.05232009372196
490,43.78424476414423,-54.53926132809134,127,48.266163180193566,0.001,1,dqn_epsilon_decay_high_seed1,0.6124762189899097,49278,46.337091066620566
491,24.08870789630491,-50.28934313309194,110,30.724609901688314,0.001,1,dqn_epsilon_decay_high_seed1,0.6118637427709198,49388,45.46118261055513
492,-27.365063057859274,-49.67497520984317,125,28.44741986656189,0.001,1,dqn_epsilon_decay_high_seed1,0.6112518790281489,49513,82.30221058601556
493,-64.31202511603519,-49.7781574508044,114,35.05028439195532,0.001,1,dqn_epsilon_decay_high_seed1,0.6106406271491208,49627,68.85408561854135
494,-55.915850359964104,-49.54714908983061,81,36.756267691835944,0.001,1,dqn_epsilon_decay_high_seed1,0.6100299865219717,49708,31.970274279194495
495,-45.05023950044868,-50.48263229306482,87,35.33653364236327,0.001,1,dqn_epsilon_decay_high_seed1,0.6094199565354498,49795,64.8936006128788
496,-35.09868599326241,-50.04770657359495,114,30.06852914785084,0.001,1,dqn_epsilon_decay_high_seed1,0.6088105365789144,49909,69.62586428902365
497,-121.69959988839224,-51.876007719862976,83,37.10155248354717,0.001,1,dqn_epsilon_decay_high_seed1,0.6082017260423355,49992,29.102926884928056
498,9.648644785830726,-51.318426940555106,135,27.13226185021577,0.001,1,dqn_epsilon_decay_high_seed1,0.6075935243162931,50127,66.7364685795524
499,-29.746881775985173,-50.555351717663754,100,35.1135871887207,0.001,1,dqn_epsilon_decay_high_seed1,0.6069859307919768,50227,67.51396184218557
500,-76.39211278389209,-51.751073780475274,104,38.71041069810207,0.001,1,dqn_epsilon_decay_high_seed1,0.6063789448611848,50331,57.195740938186646
501,36.96871215752316,-49.670473452033704,119,29.033934537102194,0.001,1,dqn_epsilon_decay_high_seed1,0.6057725659163237,50450,61.86736573845148
502,-45.51902173525238,-47.72148291192831,67,35.83053441901705,0.001,1,dqn_epsilon_decay_high_seed1,0.6051667933504074,50517,28.204471834003925
503,-29.85565579977346,-47.542534051963315,119,39.31123630740061,0.001,1,dqn_epsilon_decay_high_seed1,0.6045616265570569,50636,64.1755974973951
504,9.481319052643627,-45.72181521747273,103,38.13443444307568,0.001,1,dqn_epsilon_decay_high_seed1,0.6039570649304998,50739,48.72177259224217
505,9.629472120349249,-44.58009174695073,251,36.380989194391255,0.001,1,dqn_epsilon_decay_high_seed1,0.6033531078655693,50990,29.804221561864804
506,-67.89279888422996,-45.72461437294348,101,36.61043937135451,0.001,1,dqn_epsilon_decay_high_seed1,0.6027497547577038,51091,57.92964525487688
507,-40.76941189691287,-45.35283210271817,69,40.569476880889006,0.001,1,dqn_epsilon_decay_high_seed1,0.602147005002946,51160,40.81305196285248
508,-94.31567474028704,-47.929146719855595,101,38.992307455232826,0.001,1,dqn_epsilon_decay_high_seed1,0.6015448579979431,51261,64.99515017356191
509,-320.04424588536375,-53.31398234467681,515,36.26317107469133,0.001,1,dqn_epsilon_decay_high_seed1,0.6009433131399452,51776,34.138539660219536
510,-28.98686988779032,-52.981074555475644,93,44.990432308566184,0.001,1,dqn_epsilon_decay_high_seed1,0.6003423698268052,51869,53.238447315163086
511,-32.859457654120405,-51.24733652155649,129,35.02230517808781,0.001,1,dqn_epsilon_decay_high_seed1,0.5997420274569785,51998,73.65121797037621
512,13.934310078677953,-49.88700011370253,205,39.414927572157325,0.001,1,dqn_epsilon_decay_high_seed1,0.5991422854295215,52203,65.74889349663394
513,-91.53329199305377,-51.012435912040374,137,45.0463380970224,0.001,1,dqn_epsilon_decay_high_seed1,0.598543143144092,52340,54.529744198230595
514,-129.51430217142894,-53.476609290133574,155,28.929856658750964,0.001,1,dqn_epsilon_decay_high_seed1,0.5979446000009478,52495,57.69607668717702
515,-37.3181792315443,-53.01799270245477,76,30.515283214418513,0.001,1,dqn_epsilon_decay_high_seed1,0.5973466554009469,52571,41.594962569645475
516,16.803852923283117,-50.788691470018314,101,34.19428504575597,0.001,1,dqn_epsilon_decay_high_seed1,0.596749308745546,52672,56.421642316015145
517,-9.600108685290351,-49.5234918108942,113,40.61619845111813,0.001,1,dqn_epsilon_decay_high_seed1,0.5961525594368005,52785,67.18143149784633
518,-57.670019542216046,-50.697832981346764,108,36.73202430318903,0.001,1,dqn_epsilon_decay_high_seed1,0.5955564068773637,52893,62.34821376800537
519,-38.9752641070736,-49.68814844542575,89,42.99102625954017,0.001,1,dqn_epsilon_decay_high_seed1,0.5949608504704863,52982,44.02958993000143
520,-75.89201827101294,-50.72363519679324,99,39.853904726529365,0.001,1,dqn_epsilon_decay_high_seed1,0.5943658896200158,53081,54.620178539305925
521,-40.996383537541604,-50.666597673559444,118,43.3496039338031,0.001,1,dqn_epsilon_decay_high_seed1,0.5937715237303958,53199,81.46991147274194
522,-98.02466174350724,-53.275024007991725,77,30.46636514849477,0.001,1,dqn_epsilon_decay_high_seed1,0.5931777522066654,53276,52.307937939961754
523,-40.210403151874374,-53.9824960955187,89,38.29850709304381,0.001,1,dqn_epsilon_decay_high_seed1,0.5925845744544587,53365,66.56844346754012
524,-49.89269749336655,-53.52326337874704,117,31.34827543527652,0.001,1,dqn_epsilon_decay_high_seed1,0.5919919898800042,53482,55.686964142079255
525,-17.741029095809296,-52.6551995162569,136,31.15740841627121,0.001,1,dqn_epsilon_decay_high_seed1,0.5913999978901242,53618,62.85248926694577
526,-103.40387005057116,-54.22341286718003,118,33.54074852749453,0.001,1,dqn_epsilon_decay_high_seed1,0.590808597892234,53736,68.9194210688273
527,-78.48224856086526,-55.328126095294564,106,30.53556610953133,0.001,1,dqn_epsilon_decay_high_seed1,0.5902177892943418,53842,46.69917503992716
528,-66.98094661132762,-55.99942733092501,82,48.8685419443177,0.001,1,dqn_epsilon_decay_high_seed1,0.5896275715050474,53924,63.25956889986992
529,-51.211508715348316,-55.108989952290614,127,29.354832022208868,0.001,1,dqn_epsilon_decay_high_seed1,0.5890379439335424,54051,90.34281566619873
530,-61.92475917469072,-54.97540441954421,135,32.297614924112956,0.001,1,dqn_epsilon_decay_high_seed1,0.5884489059896089,54186,71.81061275876485
531,-84.9139049004442,-55.64473192049264,103,37.736642460221226,0.001,1,dqn_epsilon_decay_high_seed1,0.5878604570836192,54289,60.02200627326965
532,-105.34714537306624,-57.210315869815716,98,32.97082820473885,0.001,1,dqn_epsilon_decay_high_seed1,0.5872725966265356,54387,73.94400747027248
533,-28.68755423673025,-56.98561461042994,126,44.43981565558721,0.001,1,dqn_epsilon_decay_high_seed1,0.5866853240299091,54513,81.01091551330855
534,-57.36915879422433,-51.919136025207145,97,30.83385741096182,0.001,1,dqn_epsilon_decay_high_seed1,0.5860986387058792,54610,40.8115631878376
535,-29.66188334447247,-49.80617368243391,148,36.555267102009545,0.001,1,dqn_epsilon_decay_high_seed1,0.5855125400671733,54758,55.65407826625384
536,10.468340807323479,-48.950280821306535,1000,41.19429233980179,0.001,1,dqn_epsilon_decay_high_seed1,0.5849270275271061,55758,46.47374439019829
537,-30.63844425458757,-48.55109301390754,126,58.9190265489003,0.001,1,dqn_epsilon_decay_high_seed1,0.584342100499579,55884,81.1237332457203
538,28.713332597061395,-46.95696417825807,107,47.04378237234098,0.001,1,dqn_epsilon_decay_high_seed1,0.5837577583990794,55991,75.32699485003948
539,40.04504366671745,-45.16494794299515,158,39.37233546866646,0.001,1,dqn_epsilon_decay_high_seed1,0.5831740006406804,56149,91.72398334957552
540,25.12457013752578,-45.53814143552752,157,49.860046397348874,0.001,1,dqn_epsilon_decay_high_seed1,0.5825908266400397,56306,75.26846710840861
541,-10.268588782114435,-46.225287369095916,112,52.07081600597927,0.001,1,dqn_epsilon_decay_high_seed1,0.5820082358133997,56418,76.25300202483223
542,-38.913048536678666,-46.4562470786723,70,40.440170649119786,0.001,1,dqn_epsilon_decay_high_seed1,0.5814262275775862,56488,68.23946780250186
543,-81.70399539268713,-46.80408648420534,124,38.82609171828916,0.001,1,dqn_epsilon_decay_high_seed1,0.5808448013500086,56612,85.8326233256947
544,-48.148928021170434,-46.648748037429456,84,46.64760774090176,0.001,1,dqn_epsilon_decay_high_seed1,0.5802639565486586,56696,63.203803629644455
545,14.189437178205893,-45.463954503856364,121,40.028866251638114,0.001,1,dqn_epsilon_decay_high_seed1,0.57968369259211,56817,67.57742525239786
546,-67.9061492318292,-46.120103768627715,103,54.80465936892241,0.001,1,dqn_epsilon_decay_high_seed1,0.5791040088995179,56920,57.43127796939901
547,-40.82472938292793,-44.502606358518406,78,49.15772519967495,0.001,1,dqn_epsilon_decay_high_seed1,0.5785249048906184,56998,43.72339070978619
548,-108.39354990132574,-46.863450252261536,310,55.17111728652831,0.001,1,dqn_epsilon_decay_high_seed1,0.5779463799857277,57308,85.8101915874902
549,-49.686267093111084,-47.26223795860405,89,50.174960192669644,0.001,1,dqn_epsilon_decay_high_seed1,0.577368433605742,57397,34.51698013758048
550,-35.46823451770443,-46.44376039328031,98,51.43394316702473,0.001,1,dqn_epsilon_decay_high_seed1,0.5767910651721362,57495,75.36512138626792
551,-3.929443281155315,-47.26172350205386,94,39.63076808858425,0.001,1,dqn_epsilon_decay_high_seed1,0.576214274106964,57589,73.04027782648038
552,-10.218961081370537,-46.55572228897624,104,50.95525063918187,0.001,1,dqn_epsilon_decay_high_seed1,0.5756380598328571,57693,59.65368818101429
553,-91.65968409921359,-47.79180285496504,127,46.06062080540995,0.001,1,dqn_epsilon_decay_high_seed1,0.5750624217730242,57820,76.16907553684037
554,-18.387470861859583,-48.34917865325511,151,46.57763919135593,0.001,1,dqn_epsilon_decay_high_seed1,0.5744873593512512,57971,85.68288858234882
555,-94.85955908610879,-50.43895927738427,119,39.17911764753967,0.001,1,dqn_epsilon_decay_high_seed1,0.5739128719918999,58090,60.449596416659475
556,-104.3252586907459,-51.16760847351458,116,45.69099370364485,0.001,1,dqn_epsilon_decay_high_seed1,0.573338959119908,58206,81.74481084130026
557,-68.24133015982562,-51.71704683877284,116,42.55923660870256,0.001,1,dqn_epsilon_decay_high_seed1,0.572765620160788,58322,61.76042072140441
558,26.504030450388996,-49.30065273495932,148,39.868632964185764,0.001,1,dqn_epsilon_decay_high_seed1,0.5721928545406272,58470,73.4268439941936
559,7.060322964061001,-42.75856135797082,149,49.530923643368205,0.001,1,dqn_epsilon_decay_high_seed1,0.5716206616860866,58619,77.72276889483133
560,-61.60618704697484,-43.41094770115451,112,66.66780765567508,0.001,1,dqn_epsilon_decay_high_seed1,0.5710490410244006,58731,54.37841860687031
561,-59.82151876513914,-43.950188923374874,94,47.751372200377446,0.001,1,dqn_epsilon_decay_high_seed1,0.5704779919833761,58825,63.25085800821366
562,-38.538695602479336,-44.99964903699802,82,32.711500699927164,0.001,1,dqn_epsilon_decay_high_seed1,0.5699075139913927,58907,69.80555510095188
563,-33.905823088176675,-43.84709965890047,86,58.51284394153329,0.001,1,dqn_epsilon_decay_high_seed1,0.5693376064774013,58993,69.22062029336628
564,-16.797625492846578,-41.592766125328836,111,44.321803604160344,0.001,1,dqn_epsilon_decay_high_seed1,0.5687682688709239,59104,79.17392610949139
565,-73.28893997142819,-42.31218134012651,108,47.83541920891515,0.001,1,dqn_epsilon_decay_high_seed1,0.5681995006020529,59212,73.52489715669213
566,-19.90620870807301,-43.04638257275363,140,46.71321895803724,0.001,1,dqn_epsilon_decay_high_seed1,0.5676313011014509,59352,83.17151706966001
567,-106.44421154182186,-44.98326462988426,121,38.956503787316564,0.001,1,dqn_epsilon_decay_high_seed1,0.5670636698003494,59473,70.73260960907771
568,16.087292099740125,-43.508118397045145,83,42.69560293404453,0.001,1,dqn_epsilon_decay_high_seed1,0.5664966061305491,59556,60.890772342681885
569,-57.96551082628817,-43.88792333142944,78,55.08142773921673,0.001,1,dqn_epsilon_decay_high_seed1,0.5659301095244186,59634,46.02533057757786
570,-50.24466769902193,-43.37497631998961,77,62.60634742464338,0.001,1,dqn_epsilon_decay_high_seed1,0.5653641794148941,59711,53.82241356372833
571,-22.704649227682765,-43.00914163379244,127,46.12446091869685,0.001,1,dqn_epsilon_decay_high_seed1,0.5647988152354793,59838,83.03519773483276
572,-74.79436600685955,-42.54453571905949,105,46.74261424655006,0.001,1,dqn_epsilon_decay_high_seed1,0.5642340164202437,59943,64.25761552341282
573,-5.215798168567119,-41.844643619393345,140,48.13369262559073,0.001,1,dqn_epsilon_decay_high_seed1,0.5636697824038235,60083,89.15628782308326
574,-53.46098933817568,-41.91600945628952,146,46.643033360781736,0.001,1,dqn_epsilon_decay_high_seed1,0.5631061126214196,60229,69.33690099505817
575,-1.0362363570132658,-41.5819136015136,107,44.206012355947045,0.001,1,dqn_epsilon_decay_high_seed1,0.5625430065087982,60336,73.80209441745983
576,3.8498364025855665,-39.436839472450465,138,45.56815238102622,0.001,1,dqn_epsilon_decay_high_seed1,0.5619804635022894,60474,89.50428008642353
577,-38.84181918008376,-38.64403088483483,91,57.90225940222268,0.001,1,dqn_epsilon_decay_high_seed1,0.561418483038787,60565,81.44713179724558
578,-38.29792017618263,-38.07037035613193,122,38.749997447748655,0.001,1,dqn_epsilon_decay_high_seed1,0.5608570645557482,60687,119.29153275003239
579,2.081361213377221,-37.00451295755743,96,44.849447111288704,0.001,1,dqn_epsilon_decay_high_seed1,0.5602962074911925,60783,69.08220540958902
580,-14.544028732913475,-36.05689834872189,120,48.31005733807881,0.001,1,dqn_epsilon_decay_high_seed1,0.5597359112837013,60903,95.26832931571536
581,-89.09596852511415,-36.14053962121529,137,36.874515498641635,0.001,1,dqn_epsilon_decay_high_seed1,0.5591761753724176,61040,76.88207964463668
582,-291.71244565944085,-39.867845626942774,518,50.91869618349554,0.001,1,dqn_epsilon_decay_high_seed1,0.5586169991970452,61558,67.99010489261256
583,-56.51098359146649,-40.4243142140375,130,39.62893545260796,0.001,1,dqn_epsilon_decay_high_seed1,0.5580583821978482,61688,84.25861026738819
584,29.95343206435751,-38.67786239686587,1000,44.10723938632012,0.001,1,dqn_epsilon_decay_high_seed1,0.5575003238156504,62688,73.1160588017632
585,-85.88332344510388,-39.80229119887849,114,40.386545055790954,0.001,1,dqn_epsilon_decay_high_seed1,0.5569428234918348,62802,79.05865647841473
586,-29.920913641526056,-40.610076287855485,101,41.91649648458651,0.001,1,dqn_epsilon_decay_high_seed1,0.5563858806683429,62903,92.00957578161488
587,-99.23405129823337,-41.9819884287284,108,47.20741981488687,0.001,1,dqn_epsilon_decay_high_seed1,0.5558294947876746,63011,71.11630757365909
588,32.56377445927011,-41.90497959148423,1000,48.71100218677521,0.001,1,dqn_epsilon_decay_high_seed1,0.5552736652928869,64011,54.47528680747953
589,-43.09272829095141,-43.56773503063761,131,39.62806867643167,0.001,1,dqn_epsilon_decay_high_seed1,0.5547183916275941,64142,77.86196156910488
590,-65.47868265133721,-45.37980008641487,350,44.24898528780256,0.001,1,dqn_epsilon_decay_high_seed1,0.5541636732359665,64492,80.70982612707677
591,-58.65462407481983,-46.347520792268966,105,48.01545152664185,0.001,1,dqn_epsilon_decay_high_seed1,0.5536095095627305,64597,96.75901158650716
592,25.255132941037544,-45.06415716271464,163,49.81092784741173,0.001,1,dqn_epsilon_decay_high_seed1,0.5530559000531677,64760,114.19705977497331
593,-188.95422512371817,-47.20916175733526,592,50.254522637338255,0.001,1,dqn_epsilon_decay_high_seed1,0.5525028441531146,65352,72.6036964436685
594,-69.11338125555231,-47.6284508220229,112,49.584089779428076,0.001,1,dqn_epsilon_decay_high_seed1,0.5519503413089615,65464,99.99367419878642
595,-160.15085225284477,-51.11525661064391,95,62.30642758921573,0.001,1,dqn_epsilon_decay_high_seed1,0.5513983909676525,65559,88.08887621760368
596,-57.54999226791115,-50.908133471365545,112,42.681721155132564,0.001,1,dqn_epsilon_decay_high_seed1,0.5508469925766849,65671,74.51630314703911
597,26.303225186334046,-49.565574379980305,99,57.45126981446237,0.001,1,dqn_epsilon_decay_high_seed1,0.5502961455841082,65770,95.30758382836167
598,38.150723691484785,-46.6346889081241,113,66.58453908430792,0.001,1,dqn_epsilon_decay_high_seed1,0.5497458494385241,65883,90.22874599695206
599,1.2665042989264492,-45.61563348028334,89,62.40535726975859,0.001,1,dqn_epsilon_decay_high_seed1,0.5491961035890855,65972,69.74052243354993
600,-1.1503194112508623,-44.92927517815428,111,57.89752192540212,0.001,1,dqn_epsilon_decay_high_seed1,0.5486469074854965,66083,88.31098757006906
